คะแนนคณิตศาสตร์,คะแนนคอมพิวเตอร์,คะแนนภาษาไทย,คะแนนวิทยาศาสตร์,คะแนนศิลปะ,ทักษะการคิดเชิงตรรกะ,ทักษะความคิดสร้างสรรค์,ทักษะการแก้ปัญหา,ความสนใจด้านตัวเลข,ความสนใจด้านเทคโนโลยี,ความสนใจด้านการทำอาหาร,อายุ,เพศ,แผนก
56,68,84,56,68,9,6,6,7,1,3,16,0,อาหาร
96,44,64,84,64,8,4,3,3,7,7,17,1,บัญชี
80,84,64,44,52,10,8,7,10,1,10,19,0,บัญชี
72,68,88,60,72,5,6,3,7,10,7,18,1,อาหาร
44,80,56,56,80,7,5,3,1,3,1,16,1,อาหาร
44,36,92,60,60,5,4,7,1,3,7,16,1,อาหาร
36,36,60,84,76,9,4,4,10,10,1,17,1,อาหาร
92,80,56,64,80,3,8,4,1,1,10,16,0,อาหาร
72,36,64,88,80,7,5,8,1,1,7,19,0,อาหาร
80,36,84,72,36,5,7,3,1,3,3,16,0,บัญชี
32,32,40,56,92,5,6,5,7,1,1,17,0,อาหาร
96,96,44,88,64,8,7,4,7,3,3,17,1,สารสนเทศ
88,84,96,48,48,9,9,7,10,10,10,16,1,บัญชี
48,56,44,48,48,7,9,8,10,10,1,16,1,สารสนเทศ
44,52,72,68,64,9,6,8,3,10,3,18,0,อาหาร
44,56,72,48,92,5,3,5,3,10,10,18,0,อาหาร
52,84,64,32,56,7,6,4,3,3,3,19,1,สารสนเทศ
68,76,76,76,84,6,7,4,1,3,3,19,1,อาหาร
60,44,48,68,40,3,7,6,1,1,7,16,0,อาหาร
52,44,68,64,64,7,8,10,1,10,3,18,1,อาหาร
72,40,56,96,100,8,4,4,1,7,1,18,1,อาหาร
40,76,76,72,84,7,8,5,1,1,1,18,0,อาหาร
52,84,40,92,48,8,4,4,3,3,7,19,0,สารสนเทศ
56,52,72,40,68,7,8,7,10,7,10,17,0,อาหาร
64,32,44,72,48,4,5,8,7,7,1,18,1,อาหาร
84,36,52,92,60,4,8,8,10,10,1,18,0,อาหาร
44,96,48,72,84,7,3,9,3,3,3,19,1,สารสนเทศ
68,52,44,80,84,5,6,6,3,10,10,19,0,อาหาร
72,84,88,56,48,4,8,4,3,3,3,19,1,สารสนเทศ
36,76,52,40,96,6,5,5,1,7,10,17,0,อาหาร
72,56,96,64,72,7,9,8,1,10,1,17,1,อาหาร
44,44,96,60,56,5,7,7,10,10,10,19,0,อาหาร
36,40,72,92,68,8,7,7,10,1,7,16,0,อาหาร
96,72,40,48,72,8,6,8,1,1,7,17,1,บัญชี
96,84,56,96,72,5,6,8,1,3,3,19,0,สารสนเทศ
88,76,88,96,64,8,7,9,3,3,10,17,0,อาหาร
52,68,56,48,68,8,6,7,1,7,1,18,0,อาหาร
40,36,36,56,44,8,8,8,3,10,1,19,1,อาหาร
80,96,68,92,88,7,6,5,1,1,3,17,1,อาหาร
60,88,88,96,68,3,4,8,3,3,10,16,1,อาหาร
40,52,88,64,40,8,4,9,3,1,10,18,0,อาหาร
64,100,44,52,84,6,3,6,3,10,7,18,0,สารสนเทศ
36,72,76,68,96,10,5,8,1,10,7,18,0,อาหาร
92,72,48,80,96,9,8,8,3,3,1,19,1,อาหาร
48,84,48,52,56,7,9,3,10,1,10,16,0,สารสนเทศ
76,88,92,84,40,5,4,7,3,10,10,17,0,สารสนเทศ
52,76,48,36,68,4,10,4,10,7,7,16,0,สารสนเทศ
68,40,48,36,40,5,6,10,10,3,3,18,1,บัญชี
68,56,32,60,96,6,9,9,10,10,10,19,1,อาหาร
44,96,92,56,44,5,8,4,10,10,10,19,1,สารสนเทศ
96,48,84,52,48,7,8,4,7,7,7,19,0,บัญชี
84,56,76,64,60,4,4,7,10,7,3,17,1,บัญชี
96,60,84,52,60,10,4,5,1,3,7,18,0,บัญชี
92,60,44,44,88,4,3,3,3,7,7,18,1,บัญชี
72,72,64,52,64,10,8,7,10,3,3,18,1,บัญชี
96,96,56,100,44,9,5,6,10,3,3,16,1,สารสนเทศ
40,48,40,60,52,7,8,4,10,1,3,19,1,อาหาร
44,40,64,64,68,8,5,9,10,3,7,18,0,อาหาร
36,44,96,72,44,6,9,9,10,1,3,17,0,อาหาร
56,92,36,100,72,7,4,8,7,7,3,18,0,สารสนเทศ
60,76,52,48,72,5,4,9,10,7,10,19,0,สารสนเทศ
52,52,48,80,80,5,5,4,7,7,7,17,0,อาหาร
88,88,48,80,96,7,6,5,10,3,1,16,1,อาหาร
56,92,92,72,96,6,5,4,10,3,3,16,1,อาหาร
52,88,64,40,96,7,8,8,10,10,10,18,0,อาหาร
68,96,64,80,48,5,4,10,7,3,10,19,0,สารสนเทศ
40,48,84,36,40,6,6,8,3,10,3,16,1,อาหาร
88,84,44,72,52,4,9,9,1,3,10,16,1,สารสนเทศ
36,64,64,84,92,3,4,8,10,7,1,16,0,อาหาร
100,88,60,48,100,5,10,6,7,1,10,18,1,อาหาร
84,80,72,88,92,4,10,6,3,7,1,18,0,อาหาร
44,84,100,36,40,4,4,4,1,10,1,16,1,สารสนเทศ
32,76,84,88,96,9,5,3,10,10,3,19,1,อาหาร
88,44,60,64,60,3,6,8,10,10,3,19,0,บัญชี
80,68,88,48,32,8,8,6,10,3,7,19,0,บัญชี
80,100,44,40,64,5,7,7,7,7,10,17,1,สารสนเทศ
84,96,36,96,36,9,8,7,3,3,10,17,1,สารสนเทศ
36,36,44,36,68,6,8,5,3,7,3,19,1,อาหาร
56,44,56,44,56,5,4,6,1,1,3,18,0,อาหาร
40,40,68,56,64,7,9,6,10,10,1,18,1,อาหาร
92,80,72,76,72,6,8,6,1,10,1,19,0,อาหาร
76,88,92,68,92,7,7,9,7,3,7,19,0,อาหาร
56,48,68,40,76,4,9,6,3,3,1,16,0,อาหาร
36,68,68,52,60,10,8,7,7,1,7,16,1,อาหาร
52,88,36,48,88,6,4,9,10,7,7,18,0,สารสนเทศ
56,80,36,48,92,5,6,9,1,3,1,16,1,สารสนเทศ
80,68,68,60,40,8,6,9,10,10,7,16,0,บัญชี
76,72,60,80,68,6,3,5,1,7,1,18,0,อาหาร
92,68,88,48,52,9,10,3,1,7,3,17,1,บัญชี
64,52,44,56,36,6,4,5,3,7,10,17,1,บัญชี
40,72,32,60,76,8,8,5,1,1,3,16,1,อาหาร
80,80,64,100,92,4,6,9,10,10,1,19,0,อาหาร
84,92,48,96,44,9,3,8,7,7,7,16,0,สารสนเทศ
72,76,36,88,88,8,10,4,1,10,1,17,1,อาหาร
84,84,80,48,88,4,9,4,1,7,7,19,1,อาหาร
64,44,40,36,96,4,7,4,7,7,3,16,1,อาหาร
68,64,72,52,52,5,5,7,10,1,3,17,0,บัญชี
60,32,52,52,92,10,4,8,3,7,10,17,1,อาหาร
32,48,44,68,52,5,6,9,7,10,7,19,1,อาหาร
40,80,56,84,68,6,5,10,10,10,1,19,0,สารสนเทศ
36,100,88,92,36,3,6,4,7,10,3,19,1,สารสนเทศ
76,40,60,88,36,6,10,5,1,1,10,19,1,อาหาร
52,60,84,56,80,7,7,5,7,10,1,17,1,อาหาร
68,88,40,80,64,10,9,6,7,10,7,19,0,สารสนเทศ
92,44,84,52,48,7,8,9,7,1,7,17,1,บัญชี
48,68,48,36,44,9,6,7,7,10,7,17,0,สารสนเทศ
60,80,80,80,76,7,9,8,10,3,10,17,0,อาหาร
84,72,72,32,32,3,6,6,1,7,7,16,0,บัญชี
48,44,96,60,88,5,9,3,10,3,7,19,1,อาหาร
36,56,60,56,36,7,5,3,7,10,10,17,1,สารสนเทศ
52,84,36,80,44,10,4,7,7,1,7,19,1,สารสนเทศ
44,68,32,84,60,9,9,8,1,3,3,18,0,สารสนเทศ
96,32,88,52,64,5,7,4,3,3,3,18,1,บัญชี
88,84,68,88,56,4,9,8,10,3,7,17,0,สารสนเทศ
76,36,84,52,52,4,10,9,7,7,10,19,0,บัญชี
92,84,48,64,96,10,3,6,1,1,3,19,1,อาหาร
88,44,56,80,76,9,6,8,7,7,3,19,0,อาหาร
44,96,36,80,32,8,6,6,1,10,10,19,0,สารสนเทศ
92,56,96,100,60,6,7,8,10,10,7,19,1,อาหาร
68,56,76,48,92,6,9,8,10,10,1,19,0,อาหาร
88,44,96,76,52,6,5,10,1,3,7,19,1,บัญชี
92,52,52,72,40,5,7,5,10,3,10,18,0,บัญชี
52,92,72,96,84,6,8,6,10,7,10,16,0,อาหาร
40,100,80,44,72,3,4,4,3,1,7,16,1,สารสนเทศ
48,56,52,84,72,4,9,4,7,10,1,18,1,อาหาร
60,64,88,72,36,9,7,8,3,1,10,18,1,อาหาร
88,80,96,52,40,8,10,9,7,10,7,17,0,บัญชี
92,92,92,64,76,6,5,6,3,1,10,18,0,อาหาร
32,72,84,56,48,7,4,4,3,10,3,18,1,สารสนเทศ
68,60,52,72,68,6,6,5,3,1,1,19,1,อาหาร
60,60,52,92,68,8,4,6,1,1,3,16,1,อาหาร
48,80,96,72,52,8,10,5,10,7,3,16,1,อาหาร
40,32,32,76,96,8,3,5,3,3,7,16,1,อาหาร
56,76,80,68,88,8,8,8,3,7,10,18,0,อาหาร
96,56,80,36,80,4,7,3,10,7,7,16,1,บัญชี
52,88,76,48,36,5,6,7,3,1,10,17,0,สารสนเทศ
68,40,100,64,40,6,4,9,7,10,3,19,1,บัญชี
80,72,52,52,64,5,7,5,10,3,10,16,0,บัญชี
56,64,56,44,44,8,7,7,10,7,10,16,1,สารสนเทศ
100,76,36,68,100,5,5,8,1,3,7,17,0,อาหาร
96,36,64,52,44,4,9,8,3,7,7,18,1,บัญชี
48,72,48,48,64,6,5,6,10,3,7,16,1,อาหาร
64,72,56,64,56,10,6,5,3,1,7,19,0,สารสนเทศ
52,72,88,40,76,5,7,9,3,7,3,17,1,อาหาร
52,72,96,96,40,7,4,8,1,3,10,18,1,อาหาร
36,80,44,92,60,6,10,5,1,3,10,16,1,อาหาร
72,88,56,80,52,4,6,4,7,7,3,19,1,สารสนเทศ
68,52,96,40,92,6,4,4,10,7,7,16,1,อาหาร
36,88,36,84,36,8,6,4,10,1,7,19,0,สารสนเทศ
52,64,40,88,96,7,7,7,10,3,7,17,0,อาหาร
92,36,44,84,88,9,7,3,1,3,7,16,0,อาหาร
48,36,72,40,52,5,8,5,1,1,10,18,1,อาหาร
40,56,44,76,84,4,3,8,10,1,3,18,1,อาหาร
64,84,96,88,36,10,5,5,3,1,1,19,1,สารสนเทศ
100,80,64,72,96,6,9,8,3,10,10,19,0,อาหาร
48,84,68,76,68,7,4,8,10,7,7,16,0,สารสนเทศ
76,68,48,64,52,8,9,5,7,1,10,19,1,บัญชี
84,60,64,68,56,5,4,8,1,1,1,18,0,บัญชี
48,44,76,36,36,8,9,8,10,7,1,19,0,บัญชี
80,56,84,76,100,4,6,6,10,3,10,19,0,อาหาร
56,60,84,36,36,5,7,4,1,10,1,17,0,บัญชี
76,40,72,60,76,4,4,7,10,10,10,17,0,อาหาร
76,48,92,52,64,9,4,9,3,7,10,18,0,บัญชี
68,72,88,68,96,5,4,8,7,1,7,19,0,อาหาร
40,84,84,40,48,8,4,4,10,10,1,18,1,สารสนเทศ
88,100,36,80,68,10,5,8,10,10,7,18,1,สารสนเทศ
52,96,32,88,64,7,7,6,3,7,10,18,1,สารสนเทศ
44,76,48,44,80,7,7,7,1,7,3,17,1,อาหาร
36,60,76,40,36,6,8,8,1,3,3,17,1,สารสนเทศ
72,76,60,40,44,5,8,7,7,3,3,17,1,บัญชี
80,84,60,92,48,6,7,9,1,7,1,18,0,สารสนเทศ
32,40,92,68,84,7,6,8,3,10,10,17,1,อาหาร
68,60,92,64,44,10,6,7,1,7,10,17,1,อาหาร
48,88,92,40,72,10,6,4,3,10,10,16,0,อาหาร
76,60,52,76,48,9,9,9,1,1,7,19,0,อาหาร
44,72,80,92,92,9,5,10,10,1,10,16,1,อาหาร
80,72,52,88,96,6,3,4,1,7,1,16,0,อาหาร
60,44,44,76,68,8,8,6,3,1,7,18,0,อาหาร
96,56,44,36,56,9,4,5,10,7,7,19,0,บัญชี
40,56,56,40,48,6,9,8,7,3,10,18,0,อาหาร
56,32,60,36,36,10,9,8,1,10,10,18,0,บัญชี
40,32,88,48,52,6,4,4,1,10,10,16,0,อาหาร
96,88,40,40,76,7,4,9,7,3,10,17,1,สารสนเทศ
92,52,80,48,68,8,6,4,3,1,10,17,0,บัญชี
48,68,68,60,96,10,7,9,10,7,1,16,0,อาหาร
76,52,52,96,60,5,5,6,3,10,10,17,0,อาหาร
88,96,64,72,80,8,8,5,3,7,7,18,1,สารสนเทศ
68,48,52,88,64,7,7,4,3,1,3,19,1,อาหาร
68,60,72,80,68,5,5,4,7,1,1,16,1,อาหาร
48,92,60,40,52,8,3,8,10,3,7,19,0,สารสนเทศ
40,88,44,84,64,7,8,7,1,1,3,17,0,สารสนเทศ
92,44,40,52,64,8,4,4,7,10,3,19,0,บัญชี
92,88,68,76,80,5,9,4,1,10,7,17,0,อาหาร
76,64,92,56,96,6,6,4,3,3,10,16,0,อาหาร
56,64,56,100,56,7,7,8,10,3,10,19,0,อาหาร
56,40,80,48,36,6,9,8,3,1,3,17,1,บัญชี
80,36,76,52,64,4,9,3,10,10,3,17,1,บัญชี
92,80,96,96,68,10,6,7,7,3,1,17,1,อาหาร
92,64,88,32,44,7,4,4,10,7,3,16,0,บัญชี
84,60,72,80,84,8,8,9,10,3,1,19,1,อาหาร
76,80,76,80,100,6,6,9,1,7,10,19,0,อาหาร
36,84,92,88,96,6,4,8,1,3,7,18,1,อาหาร
44,44,60,100,44,6,9,10,3,3,1,17,1,อาหาร
92,72,56,100,92,6,4,9,1,7,3,19,0,อาหาร
72,40,32,36,80,7,3,9,3,7,7,19,0,อาหาร
32,84,88,88,64,7,3,7,3,3,7,17,0,อาหาร
40,76,88,76,68,6,7,5,10,1,1,19,1,อาหาร
76,96,40,76,88,4,8,4,3,3,10,16,1,สารสนเทศ
32,36,72,40,64,6,5,5,10,3,3,19,1,อาหาร
44,36,64,76,56,4,5,7,10,7,1,18,0,อาหาร
68,52,40,100,64,4,5,4,10,10,1,17,1,อาหาร
80,48,100,92,72,10,8,5,1,1,7,16,1,อาหาร
76,48,48,60,44,7,3,6,3,1,1,17,0,บัญชี
48,92,36,36,92,8,10,5,3,1,1,16,0,สารสนเทศ
80,48,72,56,76,6,5,7,3,3,3,17,0,อาหาร
48,52,84,88,76,9,10,10,3,3,7,17,1,อาหาร
56,84,36,80,40,8,4,8,10,7,1,19,0,สารสนเทศ
84,64,76,64,72,8,8,8,3,1,3,18,0,อาหาร
76,84,68,36,40,6,5,7,7,7,3,19,1,สารสนเทศ
88,36,40,60,36,10,4,6,10,10,1,18,0,บัญชี
76,64,44,64,68,9,9,4,1,10,7,19,1,อาหาร
72,36,72,96,60,9,9,9,3,10,1,19,0,อาหาร
40,36,52,76,72,4,6,5,10,10,1,18,0,อาหาร
56,92,96,52,40,5,8,4,1,10,7,16,0,สารสนเทศ
52,40,88,68,60,5,7,8,7,1,1,17,1,อาหาร
48,68,100,36,44,5,9,4,1,1,1,16,1,อาหาร
100,60,48,100,100,9,5,6,10,1,3,17,1,อาหาร
60,56,96,56,72,3,7,3,3,7,10,17,0,อาหาร
92,92,60,64,80,4,6,4,3,10,7,19,1,สารสนเทศ
76,32,56,56,56,5,6,4,7,1,10,17,1,บัญชี
88,76,36,80,40,4,9,3,1,7,10,19,0,สารสนเทศ
68,96,36,76,100,5,4,8,3,7,10,17,1,สารสนเทศ
72,72,80,80,52,9,4,9,3,10,10,17,0,สารสนเทศ
64,96,64,52,60,7,7,6,3,7,7,16,0,สารสนเทศ
44,36,48,52,76,3,8,9,7,10,3,18,0,อาหาร
80,60,72,40,32,6,4,4,7,3,1,17,1,บัญชี
52,48,48,76,88,6,6,5,7,3,7,19,1,อาหาร
32,80,72,36,68,4,10,4,7,7,10,19,1,อาหาร
76,100,56,72,52,8,5,7,3,3,3,16,0,สารสนเทศ
44,48,88,92,36,8,8,6,1,1,7,17,0,อาหาร
96,76,88,92,44,8,8,7,10,7,3,16,0,บัญชี
96,44,64,64,92,8,6,8,10,10,3,19,0,อาหาร
96,72,56,64,80,3,10,7,3,7,3,17,0,อาหาร
56,64,56,36,48,10,8,7,3,3,3,16,0,บัญชี
32,100,88,76,36,9,6,10,3,7,3,17,1,สารสนเทศ
96,72,56,88,80,9,7,5,7,3,7,16,1,อาหาร
60,56,48,48,72,3,8,6,7,1,10,17,1,อาหาร
96,40,36,60,60,10,7,8,1,7,10,18,1,บัญชี
96,44,64,88,56,9,9,7,7,1,1,17,0,บัญชี
88,48,64,92,48,9,6,4,1,1,10,18,1,บัญชี
52,48,88,48,76,4,5,6,3,10,3,18,0,อาหาร
60,88,48,68,96,8,4,6,10,1,3,19,0,อาหาร
88,72,56,44,44,10,3,6,3,10,7,18,1,บัญชี
52,68,88,40,72,8,3,4,1,7,3,16,0,อาหาร
44,40,88,92,60,7,9,10,10,10,1,19,1,อาหาร
68,92,60,88,64,10,8,8,10,1,3,17,1,สารสนเทศ
96,80,64,84,48,6,8,6,10,7,7,18,1,บัญชี
80,36,52,36,88,7,7,8,3,3,3,17,1,อาหาร
72,80,96,88,64,6,9,9,1,10,7,19,0,อาหาร
40,68,40,60,68,10,6,4,10,3,7,17,1,อาหาร
72,36,96,56,52,4,9,5,7,3,7,16,1,อาหาร
100,64,80,68,44,6,6,7,10,10,10,16,1,บัญชี
40,64,68,40,36,8,10,9,3,3,3,18,0,สารสนเทศ
68,44,36,84,80,8,8,3,3,1,1,17,1,อาหาร
92,96,64,72,44,7,5,10,10,3,3,18,0,สารสนเทศ
84,88,60,44,80,9,7,6,7,7,3,18,0,สารสนเทศ
80,76,44,44,60,10,7,6,1,3,7,19,1,สารสนเทศ
80,64,76,44,60,4,4,5,1,3,1,19,0,บัญชี
56,60,100,36,64,6,7,4,3,1,3,18,1,อาหาร
52,76,72,72,56,3,5,8,1,7,10,16,0,อาหาร
88,68,80,88,40,5,3,10,3,10,7,19,0,บัญชี
88,36,36,32,52,7,10,6,3,3,7,17,0,บัญชี
92,68,60,36,76,9,8,10,10,3,10,18,1,บัญชี
96,88,40,72,76,9,9,9,3,1,10,16,1,สารสนเทศ
68,64,72,88,52,4,8,6,10,1,7,19,1,อาหาร
68,36,96,56,64,4,6,8,1,1,3,16,1,อาหาร
88,84,76,56,44,7,7,6,7,3,10,16,1,บัญชี
76,44,36,72,48,7,8,7,1,7,7,17,0,บัญชี
80,48,56,52,32,5,10,3,7,10,1,18,1,บัญชี
88,44,68,32,92,9,5,8,10,1,3,16,0,บัญชี
92,56,60,84,48,10,9,3,10,7,7,18,0,บัญชี
56,84,88,76,48,6,10,9,7,7,10,18,1,สารสนเทศ
56,68,88,72,52,9,8,9,3,7,1,19,0,อาหาร
40,44,72,84,40,6,10,5,10,10,1,17,0,อาหาร
72,92,56,76,76,8,6,5,10,1,10,19,0,สารสนเทศ
36,92,48,44,36,6,10,6,10,1,10,16,0,สารสนเทศ
64,92,40,56,40,4,8,7,3,7,3,16,1,สารสนเทศ
68,48,56,40,76,10,3,5,10,3,3,19,1,บัญชี
52,64,60,40,56,6,9,7,1,1,7,17,1,อาหาร
72,100,76,76,80,8,6,5,3,3,3,18,0,สารสนเทศ
36,84,76,92,68,6,6,3,1,3,10,18,1,อาหาร
36,32,36,96,48,3,7,3,3,7,1,17,1,อาหาร
88,36,60,76,76,4,4,4,10,1,1,17,0,อาหาร
56,64,44,44,40,6,6,8,10,3,1,16,0,สารสนเทศ
40,92,44,40,68,8,9,10,10,3,3,17,0,สารสนเทศ
68,68,88,88,60,5,3,6,7,3,1,18,0,อาหาร
84,64,36,72,52,8,5,7,7,10,1,17,0,สารสนเทศ
48,40,60,76,72,8,3,4,7,1,10,16,1,อาหาร
76,76,44,84,92,8,6,7,3,10,1,19,1,อาหาร
36,88,92,80,100,6,8,4,10,7,10,18,1,อาหาร
36,56,68,88,72,9,9,7,7,10,3,19,1,อาหาร
68,84,48,36,60,6,10,10,7,3,7,18,1,สารสนเทศ
68,96,68,84,48,6,7,4,7,3,1,17,1,สารสนเทศ
76,44,80,88,48,4,5,8,10,10,1,18,0,อาหาร
80,68,96,52,64,5,10,3,3,10,7,18,1,อาหาร
100,52,48,76,56,3,8,6,3,1,7,18,1,บัญชี
68,84,92,52,96,7,7,4,10,1,10,17,1,อาหาร
52,72,96,96,56,5,8,6,3,3,10,18,0,อาหาร
88,76,96,36,56,5,10,4,10,10,7,16,1,บัญชี
52,88,76,72,60,8,8,6,3,3,3,16,0,สารสนเทศ
60,60,76,44,88,5,6,6,3,7,10,16,1,อาหาร
36,96,60,80,76,5,8,5,10,7,7,19,0,สารสนเทศ
32,68,84,44,72,4,3,8,3,10,10,18,1,อาหาร
96,44,68,48,56,8,6,9,7,7,10,19,0,บัญชี
88,80,80,64,88,4,6,6,3,3,1,17,1,อาหาร
80,84,60,96,36,6,4,4,3,10,3,19,0,สารสนเทศ
60,52,80,48,92,6,3,5,7,7,7,16,0,อาหาร
44,92,88,40,68,8,4,9,1,7,7,18,1,สารสนเทศ
44,92,44,84,60,7,8,7,10,3,7,18,1,สารสนเทศ
48,52,88,64,64,9,9,6,10,7,10,16,0,อาหาร
68,100,68,92,76,3,10,4,1,3,3,19,0,อาหาร
80,40,88,44,32,5,5,6,7,1,1,18,1,บัญชี
76,44,60,76,92,5,7,5,7,7,1,17,0,อาหาร
52,44,56,48,64,4,10,10,1,7,7,18,0,อาหาร
96,92,96,44,56,5,4,9,3,7,7,17,0,บัญชี
84,76,48,80,40,5,8,4,3,3,3,19,1,สารสนเทศ
68,44,88,72,60,7,8,7,7,7,7,19,1,อาหาร
72,60,64,84,64,8,4,5,7,3,1,19,0,อาหาร
60,72,68,52,60,6,9,6,7,7,1,16,1,สารสนเทศ
48,36,52,64,80,8,9,9,10,3,7,19,0,อาหาร
56,92,72,60,60,5,3,7,10,7,3,16,0,สารสนเทศ
84,88,56,100,96,5,4,5,7,10,7,19,1,อาหาร
32,68,36,52,72,7,3,4,10,3,10,16,0,อาหาร
40,96,52,52,88,3,5,9,3,3,10,19,1,สารสนเทศ
36,60,32,56,40,4,7,7,10,7,1,19,1,สารสนเทศ
36,100,100,72,60,6,7,6,7,7,3,17,0,สารสนเทศ
92,76,96,48,56,10,5,4,10,7,7,17,1,บัญชี
80,76,60,96,72,8,9,5,7,7,10,18,1,อาหาร
64,44,80,52,92,4,6,10,1,3,10,19,1,อาหาร
40,92,56,92,36,9,3,7,7,3,1,16,0,สารสนเทศ
64,60,76,40,36,8,5,6,3,3,1,18,0,บัญชี
64,44,88,76,88,7,7,7,7,1,7,17,0,อาหาร
44,32,96,92,48,9,6,8,3,7,7,18,0,อาหาร
60,72,60,44,76,6,5,5,10,1,3,17,0,อาหาร
60,68,84,96,68,5,4,4,7,10,1,17,0,อาหาร
72,80,52,64,88,7,9,7,7,10,7,17,0,อาหาร
76,92,100,96,40,7,10,8,1,10,3,18,1,สารสนเทศ
36,36,32,80,40,7,5,8,10,10,1,18,0,อาหาร
56,80,72,52,68,7,6,9,10,3,1,19,0,สารสนเทศ
76,44,76,44,96,10,7,6,10,10,3,19,0,อาหาร
68,92,80,52,60,9,8,4,3,1,7,18,0,สารสนเทศ
92,88,40,40,56,9,6,10,7,1,3,17,1,บัญชี
76,68,96,40,72,9,9,6,1,10,1,19,1,บัญชี
44,80,44,40,96,10,7,7,7,1,1,17,0,อาหาร
36,52,76,60,88,4,6,8,1,10,3,16,1,อาหาร
76,64,48,88,100,5,8,7,7,7,7,16,0,อาหาร
32,88,52,40,32,6,10,4,7,10,1,16,0,สารสนเทศ
72,64,68,40,40,9,9,8,3,1,7,19,0,บัญชี
96,56,60,76,72,6,3,9,3,7,1,18,0,บัญชี
72,64,44,44,88,8,5,7,10,1,1,17,0,อาหาร
60,88,44,40,52,4,6,6,1,10,1,19,0,สารสนเทศ
76,56,60,44,48,5,5,4,10,1,1,19,0,บัญชี
64,44,84,96,84,8,8,4,1,7,7,17,1,อาหาร
68,80,92,88,36,4,9,5,1,1,3,18,1,สารสนเทศ
96,88,36,56,56,6,8,5,1,1,10,17,0,สารสนเทศ
60,40,60,76,68,5,10,10,10,3,1,16,0,อาหาร
96,48,40,68,72,5,5,8,3,1,1,18,1,บัญชี
92,40,32,80,80,8,9,8,10,7,3,17,0,อาหาร
44,56,76,80,56,6,8,7,7,1,10,18,1,อาหาร
36,64,72,76,72,7,6,4,1,3,3,17,1,อาหาร
40,84,44,52,72,4,8,10,7,7,3,17,1,สารสนเทศ
32,76,48,36,68,9,4,6,1,3,3,19,0,สารสนเทศ
40,76,32,64,76,6,8,4,10,3,1,18,0,สารสนเทศ
80,56,88,92,48,8,7,6,1,10,10,16,1,อาหาร
36,88,100,72,36,8,5,9,3,1,7,19,0,สารสนเทศ
52,64,40,88,40,4,8,9,10,1,10,19,0,สารสนเทศ
88,100,48,100,48,9,8,3,10,3,7,18,0,สารสนเทศ
32,76,92,44,64,7,4,9,3,3,7,19,1,อาหาร
88,40,96,80,88,6,3,5,10,7,1,19,1,อาหาร
52,76,60,76,80,4,6,3,1,3,7,16,0,อาหาร
40,56,36,100,84,10,7,9,10,10,1,18,1,อาหาร
80,80,36,100,56,8,9,9,7,1,3,19,1,สารสนเทศ
76,36,72,80,60,4,10,7,1,3,7,16,0,อาหาร
92,44,60,48,60,5,7,7,3,3,10,19,0,บัญชี
84,92,32,88,44,9,8,9,1,7,7,16,0,สารสนเทศ
88,48,72,40,36,8,6,8,3,10,7,18,0,บัญชี
52,88,32,84,72,8,8,9,1,7,1,16,1,สารสนเทศ
44,52,84,92,100,6,4,7,7,10,3,19,1,อาหาร
84,76,52,60,44,8,6,10,10,3,1,18,1,บัญชี
88,80,36,76,36,6,7,10,1,1,7,17,0,สารสนเทศ
100,68,72,60,84,4,3,4,7,1,10,19,1,บัญชี
60,52,60,60,48,7,8,9,7,3,3,18,0,อาหาร
56,48,100,52,88,10,9,6,10,3,1,18,1,อาหาร
84,36,68,84,80,5,6,6,7,1,3,18,1,อาหาร
56,52,52,96,96,6,6,7,7,3,10,19,0,อาหาร
96,76,80,96,60,8,9,3,3,3,7,16,1,อาหาร
92,96,52,44,76,7,8,6,3,1,1,17,0,สารสนเทศ
60,92,92,92,64,9,5,9,1,3,10,17,0,อาหาร
84,84,56,84,76,8,5,4,3,10,10,19,0,อาหาร
84,84,68,48,64,3,8,6,1,3,1,16,0,บัญชี
40,76,36,36,44,10,7,10,7,7,10,16,1,สารสนเทศ
92,48,60,52,68,8,4,6,3,7,3,18,1,บัญชี
68,92,88,96,68,9,5,6,7,3,3,19,1,สารสนเทศ
88,76,88,76,88,8,9,6,1,1,3,17,0,อาหาร
52,72,48,80,84,9,8,7,10,3,10,18,1,อาหาร
92,40,48,48,76,4,10,7,10,7,7,18,1,บัญชี
60,64,88,80,40,5,8,9,1,3,1,18,0,อาหาร
32,64,96,32,80,9,10,6,3,1,10,16,1,อาหาร
92,92,40,56,64,4,4,9,7,1,1,16,0,สารสนเทศ
40,68,64,76,92,4,8,7,1,10,7,16,0,อาหาร
52,56,56,40,96,8,3,5,3,3,7,16,0,อาหาร
96,100,92,88,36,9,8,8,3,7,1,16,1,สารสนเทศ
96,40,36,48,88,4,6,8,10,3,1,19,1,บัญชี
72,60,48,76,36,9,5,7,10,10,10,16,1,สารสนเทศ
76,36,84,60,56,8,9,3,7,7,3,17,0,บัญชี
64,84,36,72,68,7,9,4,7,3,7,18,1,สารสนเทศ
52,96,64,40,44,9,3,5,10,10,3,16,0,สารสนเทศ
56,52,64,32,84,6,7,5,10,7,7,19,0,อาหาร
76,92,56,92,32,4,6,8,10,1,3,18,0,สารสนเทศ
84,52,60,52,44,5,6,3,1,1,3,18,1,บัญชี
84,92,68,88,72,6,9,8,1,10,3,16,0,สารสนเทศ
84,84,44,100,80,7,5,5,7,10,10,18,1,อาหาร
40,88,72,48,96,9,10,5,7,7,3,19,1,อาหาร
64,32,88,52,80,8,4,7,1,7,1,18,0,อาหาร
36,96,84,76,76,7,8,4,1,7,10,17,0,อาหาร
68,80,44,96,60,8,8,9,10,3,10,16,1,สารสนเทศ
64,52,44,96,32,4,5,4,10,7,1,18,1,สารสนเทศ
92,88,52,68,40,3,5,6,3,1,10,16,1,สารสนเทศ
56,52,56,88,68,9,9,9,10,10,7,17,1,อาหาร
40,92,60,40,76,4,8,7,7,10,1,18,0,สารสนเทศ
40,40,80,100,60,5,5,5,10,7,1,17,0,อาหาร
84,80,36,96,80,8,7,6,3,3,7,16,1,อาหาร
76,68,36,44,68,6,3,8,1,1,10,19,1,สารสนเทศ
40,40,60,52,36,9,4,10,3,3,1,17,1,อาหาร
36,48,80,40,44,5,6,9,3,7,3,19,0,อาหาร
80,32,44,52,88,3,4,5,7,7,3,16,0,อาหาร
36,64,76,88,80,5,9,10,1,3,7,18,1,อาหาร
88,52,48,56,92,7,8,3,10,7,1,19,1,อาหาร
80,72,92,40,40,6,10,3,1,10,1,19,1,บัญชี
36,52,92,56,100,7,8,9,1,1,7,17,0,อาหาร
36,52,52,100,48,9,10,4,7,3,10,16,1,อาหาร
100,84,48,76,32,9,7,3,7,10,3,19,0,บัญชี
56,36,60,60,100,5,7,5,3,7,3,16,0,อาหาร
56,92,48,44,52,6,10,6,10,7,3,17,0,สารสนเทศ
88,88,76,100,76,7,8,8,7,7,3,19,0,อาหาร
96,76,88,88,44,10,3,7,7,10,10,18,0,บัญชี
100,72,76,52,72,10,8,5,7,1,10,17,0,บัญชี
84,92,88,36,92,5,9,6,1,3,1,18,0,อาหาร
56,44,60,36,52,8,9,10,7,1,3,19,0,อาหาร
36,36,44,40,76,6,7,9,10,1,7,17,1,อาหาร
84,48,84,72,44,3,8,5,1,3,7,19,1,บัญชี
68,88,56,96,76,3,10,10,3,1,3,18,1,อาหาร
60,36,76,64,56,6,4,8,10,10,10,16,1,อาหาร
92,72,52,88,48,6,8,3,3,10,10,19,1,บัญชี
40,100,36,64,52,3,5,3,3,3,3,19,1,สารสนเทศ
64,92,100,80,44,8,8,4,10,7,10,16,1,สารสนเทศ
32,68,44,80,92,5,7,8,1,7,10,17,1,อาหาร
64,36,100,44,60,7,4,4,1,10,10,18,0,อาหาร
36,88,100,56,48,5,4,7,10,7,10,18,1,สารสนเทศ
40,72,88,76,64,4,7,4,10,1,3,16,0,อาหาร
40,40,76,36,52,6,4,9,3,10,3,17,1,อาหาร
76,40,72,56,84,5,5,5,7,7,10,16,0,อาหาร
84,92,92,68,100,7,9,9,10,7,10,18,1,อาหาร
72,76,52,100,60,4,5,10,7,10,10,16,1,สารสนเทศ
96,88,64,64,92,7,6,3,3,10,1,19,0,อาหาร
56,92,76,88,72,4,10,6,1,7,7,16,0,อาหาร
52,72,60,60,44,8,5,3,3,7,1,19,0,สารสนเทศ
92,68,60,88,80,8,6,9,10,10,3,18,0,อาหาร
48,60,56,72,68,4,7,7,10,3,1,16,1,อาหาร
96,52,72,92,76,6,8,4,10,3,1,16,1,อาหาร
32,60,88,60,92,4,9,4,10,1,1,18,1,อาหาร
96,84,44,72,60,7,9,6,7,10,7,17,0,สารสนเทศ
36,72,96,76,92,5,8,10,3,7,3,19,1,อาหาร
92,92,80,60,84,7,5,8,10,1,1,18,0,บัญชี
68,64,88,40,64,7,3,9,7,10,3,17,0,บัญชี
100,72,68,40,72,10,6,6,7,7,1,16,0,บัญชี
36,76,84,32,56,7,4,3,1,10,10,18,0,อาหาร
68,72,32,92,100,7,8,10,10,1,3,19,0,อาหาร
96,80,88,48,76,6,8,3,3,3,3,19,1,บัญชี
68,48,36,48,36,10,3,10,3,7,10,19,0,บัญชี
76,68,92,84,56,8,9,6,7,7,7,17,1,อาหาร
80,40,100,52,76,5,5,3,7,7,7,18,0,อาหาร
64,60,52,68,36,9,6,8,1,10,7,19,0,สารสนเทศ
76,64,48,44,32,6,8,10,10,3,10,16,1,บัญชี
72,76,84,96,64,9,6,10,3,10,1,17,0,อาหาร
92,96,48,88,56,9,6,4,1,1,10,19,1,สารสนเทศ
36,72,92,92,60,4,4,4,3,3,10,18,1,อาหาร
52,84,40,60,48,8,6,7,7,1,7,19,0,สารสนเทศ
96,68,40,84,44,5,8,8,10,3,7,17,0,บัญชี
92,76,100,40,80,5,9,8,10,3,7,19,0,บัญชี
64,36,76,32,68,5,6,4,10,10,1,18,1,บัญชี
76,48,88,32,44,8,6,10,1,7,1,18,0,บัญชี
52,56,56,72,52,5,8,8,1,3,10,18,1,อาหาร
44,64,80,64,72,3,10,9,7,7,7,19,1,อาหาร
64,36,72,68,36,8,5,7,3,1,3,16,1,บัญชี
56,40,72,32,44,4,6,6,10,1,10,19,0,บัญชี
72,52,80,60,36,4,9,10,7,7,7,18,0,บัญชี
36,100,72,80,88,5,7,7,10,7,1,18,1,สารสนเทศ
100,56,60,64,84,6,4,9,3,10,7,18,1,บัญชี
100,64,52,80,84,6,7,10,3,3,7,19,1,อาหาร
80,44,84,48,80,3,4,8,3,7,1,17,0,อาหาร
68,72,48,88,76,10,7,7,1,7,10,19,1,อาหาร
52,52,80,72,64,8,7,3,7,10,1,19,1,อาหาร
88,48,48,48,76,5,9,3,3,1,3,19,1,บัญชี
80,68,76,48,36,5,6,4,3,7,1,19,1,บัญชี
44,32,84,76,76,6,5,4,3,7,7,16,0,อาหาร
92,32,48,88,84,7,5,5,1,10,3,16,0,อาหาร
88,48,36,60,64,4,9,5,7,1,3,18,0,บัญชี
96,36,40,48,56,4,4,6,3,7,10,19,1,บัญชี
80,40,72,92,52,9,6,6,1,3,1,19,1,อาหาร
72,56,88,76,76,5,4,4,3,7,10,17,0,อาหาร
60,88,36,64,80,6,8,3,3,1,7,16,1,สารสนเทศ
96,72,80,64,92,9,6,8,3,1,10,16,1,อาหาร
92,68,56,44,56,8,6,7,1,7,7,16,0,บัญชี
36,52,64,76,84,5,6,6,7,3,1,17,1,อาหาร
32,96,96,56,72,8,9,7,7,1,1,16,0,สารสนเทศ
56,60,56,100,92,3,7,9,7,3,10,19,1,อาหาร
88,36,64,64,68,8,8,6,10,1,10,17,1,บัญชี
100,72,32,64,68,6,9,8,3,10,3,16,1,บัญชี
44,40,36,72,72,9,9,10,7,7,7,17,1,อาหาร
72,56,48,96,84,10,5,9,10,10,3,19,1,อาหาร
56,68,32,88,96,10,10,6,3,3,10,18,0,อาหาร
96,92,76,64,36,9,3,8,7,10,10,17,0,บัญชี
88,64,60,80,36,7,6,4,3,3,10,16,1,บัญชี
88,80,68,72,96,6,9,7,3,7,10,18,0,อาหาร
64,100,44,64,68,6,5,10,10,3,10,19,0,สารสนเทศ
60,40,52,44,72,8,5,7,1,7,1,19,1,อาหาร
52,52,76,64,64,9,5,10,3,7,10,17,0,อาหาร
36,60,96,48,40,4,7,6,1,3,7,16,1,อาหาร
92,60,36,96,84,9,6,10,3,1,10,16,0,อาหาร
88,60,92,56,84,9,8,7,1,7,7,18,1,อาหาร
100,92,72,96,52,10,9,3,7,3,1,16,1,สารสนเทศ
100,80,72,68,52,9,8,7,10,1,7,17,1,บัญชี
68,72,64,76,88,5,4,5,10,3,7,19,1,อาหาร
84,52,36,68,36,4,10,3,3,7,1,17,0,บัญชี
96,88,40,40,92,4,5,9,10,10,3,18,1,บัญชี
88,96,72,56,48,5,4,5,7,1,7,19,1,บัญชี
48,88,56,40,72,7,4,9,3,3,3,19,0,สารสนเทศ
64,32,96,76,96,9,7,5,10,10,3,17,0,อาหาร
40,76,60,64,80,9,4,4,7,7,1,17,0,อาหาร
96,36,40,84,60,7,4,10,7,3,10,17,0,บัญชี
72,48,80,48,80,3,5,6,1,10,10,18,0,อาหาร
48,36,52,44,56,4,5,7,3,3,1,18,0,อาหาร
76,72,68,60,52,4,7,7,10,3,10,18,1,บัญชี
76,80,80,96,100,6,9,7,3,10,7,18,1,อาหาร
56,40,92,80,84,6,8,9,7,10,1,18,0,อาหาร
40,60,84,60,76,3,5,8,7,3,3,18,0,อาหาร
76,64,76,68,56,5,5,6,10,1,7,19,1,บัญชี
68,56,80,36,36,4,10,9,3,3,3,19,0,บัญชี
84,40,96,100,36,8,3,4,7,1,10,19,0,บัญชี
68,60,52,76,68,6,9,7,1,1,3,18,0,อาหาร
88,84,32,52,84,6,4,10,7,3,1,19,0,สารสนเทศ
68,36,52,72,68,6,10,7,7,10,10,16,0,อาหาร
72,36,48,40,88,10,5,9,1,10,1,17,0,อาหาร
92,56,76,96,36,4,6,8,7,7,7,16,0,บัญชี
60,96,76,44,56,7,8,9,3,7,1,16,1,สารสนเทศ
40,76,72,76,48,8,7,10,1,1,3,16,1,สารสนเทศ
32,80,32,48,64,7,5,5,3,1,3,19,0,สารสนเทศ
84,56,80,80,36,10,7,4,1,1,1,16,0,บัญชี
76,72,52,84,96,6,8,6,3,10,3,17,0,อาหาร
80,32,76,76,48,6,3,8,3,1,1,18,0,บัญชี
48,76,68,72,96,4,3,5,7,10,7,18,1,อาหาร
40,96,56,92,60,7,6,3,10,7,7,16,0,สารสนเทศ
32,72,40,36,100,5,4,5,7,1,1,18,1,อาหาร
56,92,40,56,68,4,8,10,1,1,10,16,0,สารสนเทศ
72,80,88,48,96,7,4,8,10,7,1,18,1,อาหาร
60,40,96,100,32,7,6,6,7,10,1,19,1,อาหาร
60,92,76,60,84,4,4,4,1,7,7,16,1,อาหาร
92,36,40,80,92,8,7,6,10,3,3,18,0,อาหาร
56,68,60,80,40,7,4,4,1,7,3,17,1,สารสนเทศ
68,40,80,48,40,4,3,4,7,3,1,19,0,บัญชี
84,32,84,48,60,6,3,9,3,10,10,17,0,บัญชี
60,60,40,52,96,8,10,10,3,7,7,19,0,อาหาร
76,52,32,60,68,7,4,4,10,7,1,16,0,บัญชี
92,64,80,48,68,6,8,3,3,3,3,18,1,บัญชี
96,72,56,32,40,5,4,5,1,7,10,16,0,บัญชี
44,36,48,92,32,7,4,6,10,3,7,19,0,อาหาร
96,40,32,96,88,10,7,4,10,1,1,16,1,อาหาร
64,68,68,56,36,8,6,5,7,3,3,18,0,บัญชี
48,56,88,56,76,4,10,4,3,10,1,16,1,อาหาร
64,80,96,32,96,6,10,8,1,7,7,16,0,อาหาร
100,76,72,80,48,9,8,8,10,1,10,16,0,บัญชี
64,88,68,88,76,4,7,7,1,10,3,19,0,สารสนเทศ
56,80,36,44,36,10,6,6,1,3,3,17,0,สารสนเทศ
76,60,68,44,72,10,6,9,7,1,10,17,0,อาหาร
48,76,56,84,44,4,10,10,1,3,7,19,0,สารสนเทศ
36,52,72,72,84,10,7,4,1,7,7,17,1,อาหาร
40,52,60,36,52,6,7,5,3,7,3,16,0,อาหาร
40,84,48,76,64,9,5,7,1,3,7,17,1,สารสนเทศ
44,64,40,52,72,6,3,4,1,7,7,17,0,อาหาร
40,88,52,56,44,6,10,6,1,3,3,19,1,สารสนเทศ
76,88,40,84,84,7,5,7,1,10,10,18,0,สารสนเทศ
44,92,44,88,52,8,6,7,7,1,10,19,1,สารสนเทศ
56,96,100,60,76,3,4,5,10,10,7,16,0,อาหาร
92,60,64,96,44,7,9,7,3,7,7,18,1,บัญชี
64,52,68,60,80,4,3,10,7,7,3,16,0,อาหาร
76,72,92,84,40,5,9,4,1,3,1,16,0,อาหาร
44,56,100,64,60,5,4,8,1,7,3,19,0,อาหาร
44,72,72,92,48,6,9,3,3,1,10,18,0,อาหาร
36,80,88,92,84,5,8,4,7,10,3,17,1,อาหาร
44,80,56,36,48,4,4,7,7,1,10,17,1,สารสนเทศ
52,56,52,96,92,4,7,4,7,1,1,17,1,อาหาร
44,44,60,88,92,3,5,3,3,7,7,17,0,อาหาร
40,60,76,84,44,6,4,4,1,7,7,19,0,อาหาร
40,40,80,44,72,10,9,7,10,1,7,17,0,อาหาร
64,92,52,88,36,4,6,8,3,10,10,16,1,สารสนเทศ
44,56,40,88,60,10,6,4,7,10,10,17,0,อาหาร
56,44,76,52,80,8,4,8,7,7,1,19,1,อาหาร
68,32,40,96,76,8,6,4,7,3,1,18,1,อาหาร
80,76,72,36,76,8,9,7,10,7,1,18,1,บัญชี
36,76,80,44,52,9,6,6,10,3,7,17,1,สารสนเทศ
88,56,80,68,56,4,10,8,7,3,3,17,1,บัญชี
76,36,84,72,40,6,10,10,7,10,7,19,1,บัญชี
36,60,92,76,80,8,4,10,3,10,3,17,0,อาหาร
92,52,64,32,68,7,4,3,10,10,7,16,0,บัญชี
96,80,80,96,80,9,9,9,3,3,10,18,0,อาหาร
36,72,76,36,48,4,6,4,1,1,7,17,0,สารสนเทศ
52,56,44,40,56,8,3,10,3,3,7,17,0,สารสนเทศ
88,48,32,32,56,7,5,5,1,3,1,18,1,บัญชี
84,100,52,72,32,6,7,6,3,3,3,19,1,สารสนเทศ
44,64,64,96,56,5,9,4,7,3,7,19,0,อาหาร
48,80,72,76,88,7,4,4,3,7,3,18,1,อาหาร
56,40,88,88,92,9,4,8,1,10,10,16,0,อาหาร
64,64,44,32,68,6,10,10,10,7,10,16,1,อาหาร
76,32,40,68,64,9,8,7,10,10,10,18,1,อาหาร
56,68,96,64,36,6,7,8,10,1,3,18,1,บัญชี
64,96,40,64,92,4,8,8,3,1,7,18,0,สารสนเทศ
84,60,64,36,32,3,6,5,10,10,3,17,0,บัญชี
36,36,72,80,96,3,8,3,3,7,1,19,0,อาหาร
48,36,68,68,64,6,6,3,1,7,3,18,0,อาหาร
80,60,36,84,56,5,5,6,1,1,1,18,1,อาหาร
92,44,36,64,96,8,8,5,3,3,3,19,0,อาหาร
68,32,40,44,32,8,6,3,1,7,3,16,0,บัญชี
68,84,72,76,72,3,10,4,10,10,10,18,0,อาหาร
40,64,68,44,68,4,5,4,1,10,3,18,0,อาหาร
64,52,48,92,48,5,10,9,3,3,10,18,1,อาหาร
68,92,76,72,60,7,10,4,3,7,1,17,1,สารสนเทศ
48,40,88,44,76,4,5,7,3,10,1,18,0,อาหาร
52,96,36,96,80,4,9,7,7,7,7,17,0,สารสนเทศ
56,52,64,68,32,10,6,7,1,7,7,16,1,อาหาร
32,92,80,36,96,9,9,4,10,10,1,16,0,อาหาร
52,72,48,76,44,4,6,5,3,10,1,17,1,สารสนเทศ
48,88,52,48,48,6,8,3,7,10,3,19,1,สารสนเทศ
56,100,72,88,48,6,6,6,7,1,3,18,1,สารสนเทศ
40,52,92,88,36,8,5,4,10,7,7,19,1,อาหาร
92,96,88,100,40,7,4,7,10,10,7,16,1,สารสนเทศ
72,60,72,68,100,4,6,8,7,1,1,19,0,อาหาร
80,60,80,64,52,8,8,7,3,10,10,19,0,บัญชี
84,56,56,84,40,6,7,6,3,1,3,19,0,บัญชี
64,68,76,40,40,5,8,6,10,10,7,18,1,บัญชี
36,44,64,68,80,6,5,9,10,7,10,19,1,อาหาร
68,68,44,68,92,6,6,4,1,1,10,17,0,อาหาร
72,68,80,40,48,5,3,8,3,3,3,17,0,บัญชี
84,84,68,60,32,5,9,8,10,7,7,17,0,สารสนเทศ
60,88,56,88,48,6,10,6,3,7,3,17,0,สารสนเทศ
40,60,92,92,36,3,6,5,3,3,7,17,1,อาหาร
52,52,32,40,40,8,3,6,3,10,3,18,1,สารสนเทศ
56,48,52,40,60,4,4,4,7,7,3,19,1,อาหาร
76,44,36,48,48,3,8,3,10,7,10,17,0,บัญชี
72,36,84,92,68,8,7,4,3,1,1,19,0,อาหาร
56,56,80,40,48,8,8,4,1,10,10,19,1,อาหาร
100,52,56,80,96,9,5,6,1,1,10,16,1,อาหาร
72,96,76,40,92,6,8,9,1,7,7,16,0,อาหาร
48,68,60,76,72,4,8,5,7,10,3,18,1,อาหาร
40,56,84,56,56,8,5,10,7,1,3,19,0,อาหาร
44,72,64,84,56,8,7,10,1,7,10,19,1,อาหาร
48,40,60,48,60,5,4,10,7,1,1,19,1,อาหาร
44,64,96,76,80,9,6,9,7,10,7,17,0,อาหาร
44,76,48,48,64,4,9,6,3,7,7,19,0,สารสนเทศ
52,64,40,80,92,10,6,4,3,10,10,16,0,อาหาร
44,60,72,92,96,9,9,7,10,10,10,19,0,อาหาร
92,100,96,40,56,8,7,7,3,7,7,16,1,บัญชี
36,92,56,92,72,10,4,9,10,7,1,17,0,สารสนเทศ
68,76,36,72,40,8,7,10,3,7,3,16,1,สารสนเทศ
60,72,56,40,44,4,6,7,10,3,1,19,0,สารสนเทศ
100,76,68,60,60,6,6,5,10,7,10,19,1,บัญชี
40,44,44,44,44,4,4,4,7,10,7,18,1,อาหาร
60,60,76,80,92,6,6,3,10,3,10,16,1,อาหาร
96,36,100,84,44,8,4,7,10,3,7,18,0,บัญชี
92,64,64,40,64,6,4,7,7,3,7,17,0,บัญชี
88,68,56,68,72,5,6,9,1,3,1,16,1,อาหาร
48,48,60,88,80,7,5,6,3,1,3,16,1,อาหาร
44,96,40,96,60,9,10,9,10,3,1,19,1,สารสนเทศ
76,92,92,68,92,3,6,7,7,3,7,18,1,อาหาร
96,80,60,96,72,6,8,9,1,7,1,16,0,สารสนเทศ
68,68,60,68,60,4,7,4,1,3,7,18,0,อาหาร
72,92,76,60,36,8,8,9,7,7,7,17,0,สารสนเทศ
52,40,64,88,64,4,5,8,3,10,3,16,0,อาหาร
84,84,76,64,88,8,10,4,3,10,1,17,1,อาหาร
44,40,36,64,72,5,7,4,7,7,3,16,1,อาหาร
56,88,88,64,88,4,9,10,7,1,3,19,1,อาหาร
60,52,96,88,64,10,6,3,1,10,7,17,1,อาหาร
68,92,76,88,40,3,4,6,1,7,1,19,1,สารสนเทศ
48,96,96,60,32,6,8,5,1,3,10,18,1,สารสนเทศ
40,44,44,56,52,3,3,8,3,1,10,17,0,อาหาร
72,64,64,64,80,6,6,9,7,1,1,19,0,อาหาร
52,100,72,72,84,6,4,6,3,1,7,17,0,อาหาร
72,64,72,48,52,5,7,6,1,1,7,18,0,บัญชี
44,92,60,88,64,4,10,10,1,10,7,18,0,สารสนเทศ
64,72,56,64,60,6,6,8,1,7,1,19,0,สารสนเทศ
68,56,40,56,60,8,9,9,10,7,1,19,0,บัญชี
36,52,60,40,48,8,7,6,3,10,1,16,1,อาหาร
56,44,44,48,40,7,6,5,10,10,3,18,1,บัญชี
40,84,80,96,44,7,10,6,10,10,10,17,1,สารสนเทศ
36,60,48,52,36,4,9,8,7,10,7,16,1,สารสนเทศ
100,68,36,44,44,5,8,4,7,3,10,16,1,บัญชี
52,64,68,64,32,4,5,5,1,10,1,19,1,สารสนเทศ
88,72,72,52,76,5,7,3,7,7,1,18,0,บัญชี
48,92,92,36,52,5,5,6,3,1,7,18,0,สารสนเทศ
80,100,72,52,100,7,6,9,10,7,3,18,0,อาหาร
84,60,56,68,44,7,6,3,1,7,3,17,1,บัญชี
72,88,88,68,56,10,9,8,10,10,7,18,1,สารสนเทศ
64,84,68,56,56,4,9,10,1,3,1,18,1,สารสนเทศ
60,72,36,64,32,8,6,5,10,7,7,19,1,สารสนเทศ
56,96,72,96,88,9,3,8,3,1,3,16,0,อาหาร
96,44,92,56,36,7,9,10,7,3,7,18,1,บัญชี
88,40,60,48,96,5,4,10,3,1,10,17,1,อาหาร
96,92,52,48,92,5,7,5,3,7,1,16,1,บัญชี
40,60,40,64,68,3,3,4,7,10,10,18,0,อาหาร
80,88,44,84,68,5,6,4,10,1,7,18,0,สารสนเทศ
96,92,60,44,76,8,10,8,1,7,10,18,0,สารสนเทศ
44,36,72,80,60,3,4,8,10,1,1,17,0,อาหาร
36,92,36,32,76,4,6,8,7,1,7,16,0,สารสนเทศ
84,64,96,60,36,8,5,5,10,7,3,16,0,บัญชี
72,68,84,84,36,8,9,4,3,1,10,17,1,อาหาร
88,76,72,56,64,6,9,7,3,7,7,18,1,บัญชี
40,96,88,72,68,8,5,6,10,1,3,17,0,สารสนเทศ
88,32,36,44,92,6,4,8,3,1,10,19,0,อาหาร
44,64,64,84,40,4,7,6,7,7,3,16,1,สารสนเทศ
44,80,76,36,88,6,5,5,1,7,1,18,1,อาหาร
44,80,88,88,48,7,8,5,1,1,7,18,0,อาหาร
88,80,84,44,60,10,3,4,7,7,7,17,1,บัญชี
76,40,52,92,52,4,4,5,7,10,3,19,0,อาหาร
68,52,96,56,60,7,8,4,7,7,3,19,0,อาหาร
56,56,40,80,44,5,4,5,1,1,10,17,1,อาหาร
92,88,92,52,68,7,9,3,3,7,7,17,1,บัญชี
60,52,100,92,88,3,3,4,3,7,1,19,1,อาหาร
88,48,44,40,64,5,4,8,3,1,1,18,1,บัญชี
60,96,80,44,64,9,10,5,10,10,10,16,1,สารสนเทศ
56,32,36,64,88,7,6,8,10,10,7,17,0,อาหาร
64,100,60,36,80,6,8,8,1,10,10,19,0,สารสนเทศ
52,80,68,44,64,5,4,7,10,10,3,16,1,สารสนเทศ
84,88,72,96,48,5,7,10,3,7,7,17,1,สารสนเทศ
68,52,96,100,92,6,8,3,7,7,7,17,0,อาหาร
48,32,76,56,72,9,5,8,1,7,3,17,1,อาหาร
92,84,64,96,48,10,9,10,7,10,7,17,0,สารสนเทศ
60,88,88,68,52,6,7,9,1,7,7,19,0,สารสนเทศ
68,84,96,52,88,6,6,4,3,3,3,19,0,อาหาร
92,40,32,80,36,9,7,5,1,3,10,17,0,บัญชี
76,84,100,76,100,6,7,4,1,10,10,17,0,อาหาร
40,84,36,100,40,7,4,7,1,1,10,17,0,สารสนเทศ
96,76,88,52,88,5,6,8,1,7,10,18,0,บัญชี
76,84,52,76,60,8,5,5,1,10,3,19,1,สารสนเทศ
56,88,40,36,64,7,6,7,7,7,3,17,1,สารสนเทศ
40,72,60,40,92,9,8,8,1,10,10,19,0,อาหาร
88,40,76,32,60,8,6,6,7,7,3,19,1,บัญชี
76,64,56,100,68,4,10,9,1,1,1,17,1,อาหาร
68,36,36,88,36,8,5,8,10,10,7,19,1,บัญชี
92,60,72,84,32,9,6,4,10,3,1,16,1,บัญชี
84,60,92,68,48,5,8,7,1,3,7,19,1,บัญชี
44,36,60,52,80,4,7,5,7,3,3,18,1,อาหาร
52,56,48,44,40,3,7,7,1,3,3,16,0,สารสนเทศ
48,40,64,52,40,6,3,10,10,3,10,16,1,อาหาร
84,88,36,56,60,6,6,9,7,3,10,17,0,สารสนเทศ
36,96,88,84,76,7,5,6,1,7,10,16,0,สารสนเทศ
72,36,88,68,80,4,10,5,3,10,7,19,0,อาหาร
84,96,72,36,44,9,5,5,1,3,10,19,0,สารสนเทศ
92,68,56,32,36,5,9,7,3,1,10,16,1,บัญชี
56,52,88,40,96,5,8,4,7,7,7,18,1,อาหาร
88,36,68,60,48,6,5,7,3,7,10,19,1,บัญชี
40,64,88,96,88,6,7,3,3,10,1,16,0,อาหาร
88,88,76,76,92,4,9,5,1,1,10,16,0,อาหาร
40,80,84,88,84,5,9,4,1,10,3,17,0,อาหาร
60,36,72,64,44,4,4,10,1,7,7,19,0,อาหาร
88,36,60,56,88,8,5,8,10,7,1,16,1,อาหาร
44,60,96,40,84,8,5,5,1,1,7,19,0,อาหาร
48,52,68,92,72,6,3,4,7,3,7,16,0,อาหาร
80,48,72,84,56,8,7,7,3,1,10,19,1,อาหาร
80,52,48,44,48,8,9,4,1,3,10,16,0,บัญชี
76,88,76,68,40,4,6,7,7,3,10,19,1,สารสนเทศ
80,96,72,64,68,10,8,9,3,10,3,18,1,สารสนเทศ
68,60,44,76,72,9,7,7,3,7,10,16,0,อาหาร
48,92,36,96,56,4,6,7,7,7,3,17,1,สารสนเทศ
56,52,72,72,64,4,4,7,3,7,10,19,1,อาหาร
44,64,84,68,56,4,8,10,3,3,1,19,1,อาหาร
92,48,68,36,76,4,9,10,7,10,7,18,1,บัญชี
72,76,48,36,92,8,8,7,7,7,10,17,1,อาหาร
60,100,76,44,44,6,3,5,1,3,10,16,1,สารสนเทศ
64,72,36,36,56,8,4,6,3,1,7,16,0,สารสนเทศ
96,56,64,84,40,8,4,4,1,7,10,18,0,บัญชี
44,76,44,80,76,7,7,8,1,7,1,17,0,สารสนเทศ
72,40,44,40,80,8,8,6,7,1,7,16,1,อาหาร
68,92,44,88,96,3,4,4,10,10,7,18,1,อาหาร
72,68,60,44,52,5,9,4,10,7,1,17,1,บัญชี
32,64,36,52,96,8,7,6,1,7,1,17,1,อาหาร
92,72,60,48,36,3,8,9,3,1,1,19,1,บัญชี
96,76,68,56,72,3,10,7,7,3,7,17,0,บัญชี
72,36,64,48,36,9,4,8,1,10,1,16,0,บัญชี
80,80,60,64,92,8,9,5,10,10,3,18,1,อาหาร
96,48,88,60,68,5,4,7,7,3,3,19,0,บัญชี
80,80,40,100,76,8,6,6,10,1,7,19,1,อาหาร
44,88,68,36,88,8,9,8,1,3,7,19,1,อาหาร
72,88,36,40,44,5,9,3,1,3,7,17,1,สารสนเทศ
72,68,36,36,36,3,6,6,10,7,7,16,1,สารสนเทศ
60,68,72,76,92,10,7,5,7,10,3,17,1,อาหาร
84,40,72,36,52,5,8,5,10,3,3,17,1,บัญชี
96,84,92,88,40,4,9,10,1,1,10,18,1,บัญชี
96,52,68,68,64,6,4,4,7,10,3,18,0,บัญชี
64,64,96,68,72,8,9,5,7,1,3,17,0,อาหาร
40,52,36,72,36,5,6,7,1,10,7,18,0,สารสนเทศ
100,40,40,44,52,5,6,9,7,7,3,18,0,บัญชี
88,76,36,44,36,5,6,6,7,10,10,18,1,บัญชี
40,36,44,52,60,10,7,8,1,1,3,16,0,อาหาร
96,84,68,72,92,4,10,9,3,1,7,18,0,อาหาร
92,52,76,48,100,7,7,5,7,3,1,18,1,อาหาร
68,32,36,40,76,10,10,6,3,3,3,19,0,อาหาร
72,68,96,96,44,4,4,6,10,3,3,18,1,อาหาร
60,36,88,32,92,10,8,9,3,10,10,18,0,อาหาร
36,52,52,88,68,10,9,3,3,10,10,16,1,อาหาร
56,80,36,84,44,9,8,5,10,7,3,17,1,สารสนเทศ
88,36,44,52,96,4,7,8,10,1,10,16,0,อาหาร
32,88,40,40,84,7,7,7,1,7,7,19,0,สารสนเทศ
56,32,40,40,80,8,9,6,10,7,10,18,0,อาหาร
60,48,68,80,80,10,9,7,1,3,10,17,0,อาหาร
68,84,48,76,44,4,4,4,1,10,1,18,1,สารสนเทศ
96,52,56,84,48,8,9,6,3,1,7,17,1,บัญชี
56,40,100,96,80,5,6,6,3,3,7,19,1,อาหาร
56,56,80,80,48,4,5,9,10,1,1,19,1,อาหาร
84,52,96,44,60,6,9,5,7,10,3,18,1,บัญชี
64,88,40,48,84,9,6,9,10,7,10,16,0,สารสนเทศ
48,52,56,88,84,6,9,8,7,3,10,18,1,อาหาร
64,84,68,48,64,7,5,3,3,1,10,16,0,สารสนเทศ
40,92,36,36,84,10,3,8,7,1,10,19,0,สารสนเทศ
44,60,32,80,88,6,6,3,10,1,10,19,1,อาหาร
64,92,76,60,76,7,4,10,7,3,1,17,0,สารสนเทศ
60,56,76,96,48,6,8,9,10,1,3,17,1,อาหาร
96,96,60,76,52,6,5,5,10,3,1,18,1,สารสนเทศ
56,40,64,40,52,8,6,5,1,10,1,19,1,บัญชี
72,80,60,96,40,10,4,6,7,7,1,17,1,สารสนเทศ
76,64,32,48,52,7,5,6,10,7,3,18,1,บัญชี
32,60,56,56,48,8,8,6,10,1,10,19,1,อาหาร
76,76,44,60,64,4,4,5,1,3,10,18,0,สารสนเทศ
44,80,40,36,92,4,8,7,3,3,7,16,0,อาหาร
96,32,96,64,40,6,9,4,7,1,10,19,1,บัญชี
44,44,72,40,80,3,8,9,1,1,3,18,0,อาหาร
60,80,80,60,80,5,9,9,7,10,10,18,0,อาหาร
36,76,52,56,40,7,4,6,3,10,3,17,1,สารสนเทศ
100,96,60,84,96,3,5,9,3,1,3,17,1,อาหาร
68,84,48,88,72,5,9,5,3,3,10,17,1,อาหาร
72,96,40,44,56,7,8,3,7,10,3,19,0,สารสนเทศ
36,80,44,56,84,7,8,7,3,1,3,17,0,อาหาร
84,52,88,56,48,10,8,6,3,7,3,16,1,บัญชี
48,40,80,44,80,8,6,7,3,10,7,16,1,อาหาร
92,84,68,88,36,6,3,9,1,10,10,18,1,สารสนเทศ
44,76,64,80,88,10,8,10,1,3,1,18,0,อาหาร
44,36,96,44,64,8,8,7,1,1,10,17,0,อาหาร
36,56,36,56,76,4,6,8,7,1,1,17,0,อาหาร
64,96,52,40,48,4,9,4,10,10,3,17,1,สารสนเทศ
72,64,56,76,80,8,5,4,1,10,1,16,1,อาหาร
36,60,84,40,84,7,5,8,1,7,10,18,0,อาหาร
84,64,100,100,64,8,9,6,7,10,1,16,1,อาหาร
64,48,48,84,72,8,9,6,3,7,7,18,0,อาหาร
68,56,92,60,64,7,7,5,10,7,3,18,1,อาหาร
64,56,88,72,92,10,4,7,7,10,1,18,0,อาหาร
60,36,48,92,64,7,4,4,3,7,10,16,0,อาหาร
72,84,60,68,88,4,8,7,3,7,1,17,1,อาหาร
44,60,60,44,88,9,6,4,7,1,1,17,0,อาหาร
44,88,100,56,60,5,9,3,1,7,3,16,0,อาหาร
92,88,44,88,48,8,10,5,1,3,7,18,1,สารสนเทศ
96,48,88,76,60,10,9,5,1,3,7,16,0,บัญชี
56,76,56,76,88,8,6,9,10,10,1,17,1,อาหาร
52,64,80,92,48,7,8,3,7,7,1,18,1,อาหาร
76,92,60,92,68,6,6,4,1,10,3,19,1,สารสนเทศ
60,48,72,96,88,6,4,7,7,1,3,18,1,อาหาร
32,80,88,40,56,6,3,6,3,7,10,17,0,อาหาร
44,72,88,68,76,8,6,3,7,1,10,18,0,อาหาร
80,52,92,84,48,8,9,3,1,10,7,18,0,อาหาร
76,40,36,84,40,8,5,10,7,1,3,16,0,บัญชี
32,76,80,72,88,4,4,8,10,7,7,16,0,อาหาร
48,84,40,44,40,6,10,6,1,10,10,18,1,สารสนเทศ
48,52,60,88,52,8,3,6,3,3,7,17,0,อาหาร
76,76,68,80,92,6,8,5,1,10,10,16,0,อาหาร
32,60,60,36,56,7,5,5,1,10,7,19,0,อาหาร
40,80,68,64,100,8,3,8,3,3,7,18,1,อาหาร
88,44,100,44,100,8,9,9,10,1,3,19,1,อาหาร
44,92,40,56,52,6,4,4,10,3,7,18,0,สารสนเทศ
76,52,76,32,36,9,7,9,1,3,1,17,0,บัญชี
48,56,60,60,80,4,5,4,7,10,10,16,1,อาหาร
40,36,40,68,64,10,4,4,7,10,10,17,1,อาหาร
48,40,44,76,40,4,3,3,7,1,10,17,0,อาหาร
80,68,96,76,80,3,4,4,3,3,3,17,0,อาหาร
92,52,92,88,36,9,4,9,1,7,1,18,0,บัญชี
88,88,92,48,92,5,8,6,3,1,1,18,1,อาหาร
60,32,100,40,40,8,6,4,3,3,7,17,0,บัญชี
76,56,48,88,40,9,5,10,10,3,10,19,0,สารสนเทศ
44,56,56,44,44,9,6,9,10,7,7,19,1,สารสนเทศ
52,32,76,100,96,10,10,8,1,7,1,19,0,อาหาร
92,40,64,88,80,5,9,10,1,7,10,19,0,อาหาร
32,60,60,68,88,8,8,4,10,1,10,19,0,อาหาร
36,64,56,100,60,4,9,9,7,10,3,17,1,อาหาร
48,60,72,40,56,6,5,8,10,7,7,19,1,อาหาร
32,68,72,52,48,9,6,9,1,10,10,17,1,สารสนเทศ
44,72,44,76,64,6,7,9,7,3,7,18,0,สารสนเทศ
72,32,64,56,68,7,7,5,7,10,10,18,1,อาหาร
60,64,68,96,76,6,6,8,10,10,1,19,1,อาหาร
92,96,72,36,48,8,6,5,1,3,7,19,1,บัญชี
88,68,48,68,96,10,10,5,1,3,7,19,0,อาหาร
56,80,84,72,44,3,9,4,3,10,10,16,1,สารสนเทศ
48,52,32,76,96,7,6,10,10,7,10,16,1,อาหาร
56,84,56,48,32,9,8,5,10,10,10,18,0,สารสนเทศ
72,84,84,56,64,6,5,7,10,10,7,18,1,สารสนเทศ
52,68,72,88,56,4,4,6,10,7,10,16,1,อาหาร
76,100,48,44,64,7,6,10,1,1,3,18,1,สารสนเทศ
60,40,80,88,72,5,6,5,1,3,3,19,0,อาหาร
68,32,72,72,60,4,3,8,1,10,3,17,0,อาหาร
60,84,88,84,60,9,9,9,3,3,10,19,0,อาหาร
52,88,84,80,80,7,6,6,10,1,10,19,0,อาหาร
96,40,72,48,80,10,7,6,10,7,3,18,1,บัญชี
84,52,64,72,88,9,4,8,1,7,1,17,0,อาหาร
40,32,40,92,48,8,4,9,7,3,10,18,0,อาหาร
92,52,48,60,72,3,9,8,10,3,7,18,1,บัญชี
64,84,60,96,72,6,7,5,3,3,10,17,1,อาหาร
92,68,72,64,56,4,10,9,1,1,3,17,1,บัญชี
88,56,68,40,64,9,10,6,3,10,1,16,1,บัญชี
60,56,52,60,52,4,6,7,3,3,3,17,0,อาหาร
32,32,32,96,40,5,5,9,7,10,1,19,1,อาหาร
52,52,64,52,48,7,9,4,3,10,3,17,1,อาหาร
68,76,52,92,40,5,10,8,1,7,1,18,0,สารสนเทศ
76,100,80,92,80,4,7,7,10,3,1,17,1,สารสนเทศ
48,88,32,56,76,7,9,9,7,7,1,19,1,สารสนเทศ
40,32,72,36,96,4,8,4,3,3,10,19,1,อาหาร
88,92,96,80,80,3,6,6,10,3,3,18,1,อาหาร
100,84,44,52,36,6,7,9,1,10,3,18,0,สารสนเทศ
68,84,64,84,92,8,9,3,1,3,10,16,1,อาหาร
44,64,40,64,92,7,8,4,10,10,7,19,0,อาหาร
52,60,76,64,64,6,3,10,3,1,7,18,1,อาหาร
32,52,68,84,72,7,5,5,10,1,7,19,0,อาหาร
96,36,60,60,100,6,4,10,3,10,10,17,1,อาหาร
40,48,68,64,68,10,5,4,1,7,10,18,1,อาหาร
72,48,92,56,92,3,9,6,7,7,7,17,0,อาหาร
52,64,44,56,36,8,3,8,1,7,10,19,0,สารสนเทศ
68,84,32,68,44,9,4,8,10,1,7,19,0,สารสนเทศ
76,64,92,88,64,9,5,7,7,7,3,16,0,อาหาร
88,36,72,56,72,4,7,7,10,1,10,17,0,บัญชี
44,96,92,68,88,5,7,9,10,7,7,18,0,อาหาร
32,96,72,76,100,8,4,5,1,7,10,19,0,อาหาร
40,84,88,52,60,4,4,6,10,10,1,16,1,สารสนเทศ
92,100,60,52,36,9,5,4,7,7,3,18,1,สารสนเทศ
92,68,84,96,88,8,6,7,7,1,10,18,1,อาหาร
72,96,96,80,72,8,5,5,10,7,1,19,0,สารสนเทศ
72,36,72,72,44,4,10,5,7,1,10,18,1,อาหาร
76,56,44,76,64,8,6,6,3,1,10,18,0,อาหาร
44,48,52,36,84,8,3,3,7,1,10,18,1,อาหาร
96,44,44,76,84,9,8,4,3,7,7,19,1,อาหาร
60,40,48,68,64,3,5,8,1,1,7,16,1,อาหาร
60,76,52,68,52,3,8,6,7,3,10,16,1,สารสนเทศ
68,84,68,56,100,6,5,9,1,10,10,19,0,อาหาร
36,72,72,36,76,4,7,8,1,7,7,16,0,อาหาร
44,44,60,44,60,7,8,3,1,1,10,16,1,อาหาร
84,88,72,96,52,9,10,7,7,1,7,18,0,สารสนเทศ
36,76,36,60,80,6,5,4,3,7,10,19,0,อาหาร
72,60,36,64,48,9,5,8,10,10,1,17,1,สารสนเทศ
48,76,44,36,44,3,6,10,3,1,1,19,0,สารสนเทศ
60,48,68,36,68,4,10,7,3,10,3,17,0,อาหาร
52,56,48,80,52,3,9,8,3,7,3,17,0,อาหาร
56,96,52,68,76,5,4,5,7,7,10,17,1,สารสนเทศ
80,52,60,68,40,9,4,6,3,10,1,17,0,บัญชี
52,64,88,48,76,4,6,9,10,7,10,17,1,อาหาร
72,92,32,84,52,7,4,4,10,10,3,18,0,สารสนเทศ
64,80,76,44,32,6,5,5,10,3,3,18,0,สารสนเทศ
76,36,76,44,40,10,4,6,10,7,3,17,1,บัญชี
96,44,88,64,96,4,8,8,3,7,7,16,0,อาหาร
80,32,96,52,92,4,10,6,7,3,1,18,0,อาหาร
48,76,32,48,48,3,10,10,7,7,1,17,1,สารสนเทศ
36,64,44,76,84,6,6,4,7,1,7,17,1,อาหาร
48,40,92,76,72,5,7,6,10,1,1,19,0,อาหาร
72,96,64,88,100,9,9,8,7,3,1,19,0,อาหาร
36,68,72,60,56,7,4,5,10,7,10,17,1,อาหาร
64,48,76,36,80,7,8,8,3,10,1,16,0,อาหาร
72,64,80,52,36,7,6,4,10,3,3,19,0,บัญชี
56,80,96,100,60,4,4,3,7,7,1,19,1,อาหาร
84,36,100,72,96,6,6,4,7,1,3,19,0,อาหาร
40,52,80,80,68,10,4,10,3,10,7,17,1,อาหาร
36,88,52,32,52,9,8,7,10,7,1,19,0,สารสนเทศ
80,64,92,68,40,9,5,9,10,10,10,16,1,บัญชี
64,68,36,36,80,9,5,5,1,10,10,19,1,อาหาร
80,60,48,72,76,4,4,7,7,3,1,16,0,อาหาร
60,36,92,96,56,5,9,6,3,7,10,19,0,อาหาร
48,44,48,96,96,3,6,10,10,10,3,16,1,อาหาร
88,64,48,68,32,5,7,8,3,1,1,17,0,บัญชี
88,48,40,64,52,4,7,8,1,7,1,18,0,บัญชี
80,36,92,96,96,6,6,3,3,10,3,16,0,อาหาร
52,88,64,76,52,8,4,7,7,3,7,16,1,สารสนเทศ
72,100,76,36,48,9,8,6,1,10,3,18,0,สารสนเทศ
56,84,48,64,68,8,4,10,7,10,10,18,0,สารสนเทศ
40,92,84,48,88,10,4,5,10,7,7,16,0,อาหาร
96,48,84,64,40,3,8,5,10,1,3,18,0,บัญชี
40,96,52,64,96,3,4,6,1,3,7,18,1,อาหาร
96,44,60,72,88,8,5,5,10,1,10,19,0,อาหาร
64,96,48,56,44,5,6,4,7,10,1,16,0,สารสนเทศ
44,100,100,44,80,5,6,9,1,10,3,16,1,สารสนเทศ
68,80,76,68,60,5,8,7,1,7,3,19,1,สารสนเทศ
92,100,96,88,60,5,7,9,1,3,3,17,1,สารสนเทศ
80,72,52,76,84,7,8,9,10,1,7,16,0,อาหาร
88,48,84,56,96,6,8,5,1,10,3,18,0,อาหาร
76,60,84,96,40,7,5,7,1,7,7,18,1,อาหาร
80,72,80,96,60,8,5,4,10,10,7,19,0,อาหาร
88,36,96,48,64,6,6,9,7,7,7,18,0,บัญชี
48,76,60,36,56,5,5,6,10,10,1,17,0,สารสนเทศ
64,100,40,84,56,4,10,6,7,7,3,16,1,สารสนเทศ
48,44,76,88,36,5,9,5,1,7,3,16,1,อาหาร
100,84,80,96,80,8,4,6,10,3,3,18,0,อาหาร
96,92,72,92,60,8,3,5,1,10,10,19,0,สารสนเทศ
36,96,48,72,44,8,3,6,7,7,3,17,1,สารสนเทศ
80,96,68,68,88,5,5,9,7,3,1,17,0,สารสนเทศ
96,68,52,32,88,7,4,9,1,1,3,17,0,บัญชี
44,100,60,48,64,7,7,5,10,3,10,18,0,สารสนเทศ
72,84,76,64,52,6,9,6,3,7,10,17,0,สารสนเทศ
96,44,84,76,76,7,8,9,1,3,7,16,0,อาหาร
36,64,48,68,52,6,4,3,10,1,1,18,1,สารสนเทศ
80,80,60,84,48,7,6,9,7,7,3,18,0,สารสนเทศ
52,48,52,52,80,8,7,4,7,1,7,16,0,อาหาร
96,76,44,72,36,4,9,8,7,10,10,18,0,สารสนเทศ
100,76,84,40,40,8,9,7,10,3,7,19,1,บัญชี
96,44,92,60,32,4,9,7,1,7,7,17,0,บัญชี
64,72,56,84,44,4,7,9,3,1,3,19,0,สารสนเทศ
92,84,84,80,36,10,8,4,3,3,3,17,0,บัญชี
88,64,92,100,100,10,4,5,1,3,10,19,1,อาหาร
52,32,88,52,52,3,7,7,7,10,3,17,1,อาหาร
88,32,44,64,44,6,5,9,3,10,10,17,1,บัญชี
36,56,96,56,48,4,6,4,3,1,3,18,1,อาหาร
72,96,56,60,96,6,7,9,1,7,1,18,1,สารสนเทศ
48,48,56,92,68,9,5,6,7,1,7,17,1,อาหาร
40,76,36,80,56,10,3,4,10,10,1,16,0,สารสนเทศ
36,48,64,92,92,7,3,8,3,10,3,16,0,อาหาร
80,52,40,44,60,6,3,4,7,7,3,17,0,บัญชี
56,88,48,92,56,7,3,7,1,7,7,19,1,สารสนเทศ
80,80,52,36,48,5,4,3,7,10,3,17,1,บัญชี
36,40,88,92,56,9,5,6,1,7,1,18,0,อาหาร
52,60,92,56,52,9,4,7,3,7,7,19,0,อาหาร
68,32,52,52,80,7,10,7,7,10,3,16,1,อาหาร
84,64,92,68,52,5,5,6,10,7,10,16,1,บัญชี
52,76,92,96,72,5,4,6,3,7,3,16,0,อาหาร
76,40,84,36,36,3,7,5,10,10,7,19,0,บัญชี
92,52,44,56,44,9,9,6,7,7,1,16,1,บัญชี
72,60,80,92,60,6,8,10,10,7,10,16,0,อาหาร
48,96,96,60,96,5,5,9,3,1,7,18,0,อาหาร
32,100,80,44,56,6,7,4,3,3,10,19,1,สารสนเทศ
92,36,56,60,76,9,8,3,10,1,1,17,0,บัญชี
32,84,64,60,48,4,8,10,1,7,3,16,0,สารสนเทศ
92,56,76,96,40,9,8,7,1,3,7,17,0,บัญชี
68,60,68,84,36,9,9,7,1,10,1,19,1,สารสนเทศ
96,84,40,68,52,10,9,8,10,7,3,19,0,สารสนเทศ
88,96,52,100,44,6,7,5,1,10,10,17,1,สารสนเทศ
100,96,88,64,44,4,6,6,10,3,3,16,1,บัญชี
56,72,92,36,84,6,8,10,3,10,10,18,1,อาหาร
84,56,40,48,32,5,9,8,1,7,1,17,1,บัญชี
60,84,96,60,68,4,3,4,3,7,7,18,1,อาหาร
64,48,56,44,56,7,10,4,1,3,7,18,0,อาหาร
76,72,76,96,68,6,4,4,7,7,3,16,1,อาหาร
92,56,84,84,72,9,6,8,7,7,10,17,0,อาหาร
100,76,88,52,52,3,9,5,3,7,1,18,1,บัญชี
84,48,96,72,52,8,5,3,1,10,10,18,0,บัญชี
60,44,52,80,80,8,6,10,7,10,7,17,1,อาหาร
60,96,92,96,92,8,4,4,10,10,3,18,0,อาหาร
84,40,40,92,44,9,6,3,7,7,10,19,0,บัญชี
48,68,80,68,40,8,4,5,10,10,3,16,1,สารสนเทศ
40,48,84,84,92,10,6,5,1,10,10,18,1,อาหาร
56,36,80,72,56,5,6,6,10,3,3,19,0,อาหาร
52,36,48,68,68,6,10,9,3,3,10,18,0,อาหาร
52,44,92,40,56,3,10,9,1,1,7,19,0,อาหาร
48,92,44,40,40,3,4,6,10,1,1,18,0,สารสนเทศ
36,52,36,68,72,5,8,6,10,1,7,18,0,อาหาร
32,96,80,52,68,4,3,7,7,1,1,16,1,สารสนเทศ
100,72,64,32,44,5,3,5,1,7,3,16,1,บัญชี
60,60,88,80,64,4,4,3,3,3,1,17,1,อาหาร
60,72,60,36,88,3,10,10,3,3,1,16,0,อาหาร
80,68,44,72,72,9,10,4,10,10,1,17,0,อาหาร
48,84,88,68,40,3,4,4,1,10,7,16,0,สารสนเทศ
96,52,68,96,68,8,4,6,10,10,3,18,0,บัญชี
84,56,44,64,80,4,5,6,3,7,3,18,1,อาหาร
40,92,80,36,84,9,7,3,10,3,1,17,0,อาหาร
60,96,68,68,76,9,7,4,10,3,7,16,0,สารสนเทศ
92,92,72,88,44,8,5,6,3,1,7,17,0,สารสนเทศ
96,60,64,100,80,8,8,8,3,1,3,19,1,อาหาร
64,84,88,60,80,3,5,5,10,3,10,17,1,อาหาร
72,64,88,52,32,10,10,6,7,10,7,17,1,บัญชี
44,64,80,92,60,9,8,7,7,1,7,16,1,อาหาร
100,44,40,44,56,9,6,9,7,1,3,17,1,บัญชี
48,72,88,72,76,8,8,5,1,1,1,18,0,อาหาร
96,44,76,60,48,5,9,4,10,7,10,17,0,บัญชี
76,56,80,36,72,9,5,6,1,3,10,16,0,บัญชี
72,92,56,56,96,5,5,8,10,3,1,19,0,อาหาร
68,48,92,52,88,7,10,4,3,1,3,19,1,อาหาร
48,36,80,80,96,4,4,6,7,3,7,19,0,อาหาร
44,36,40,96,100,10,3,3,3,1,7,18,1,อาหาร
48,96,60,52,32,4,6,3,3,7,10,19,0,สารสนเทศ
44,68,92,88,76,5,9,6,3,1,1,17,0,อาหาร
84,60,36,36,60,7,8,5,7,10,3,18,0,บัญชี
56,88,96,68,92,8,9,9,7,7,1,16,0,อาหาร
36,88,80,36,48,7,7,7,10,7,3,16,0,สารสนเทศ
96,56,76,96,100,5,4,6,3,3,1,19,1,อาหาร
92,80,52,84,72,3,7,6,7,3,10,17,0,อาหาร
96,84,48,76,84,8,8,6,10,1,7,19,0,อาหาร
100,76,96,88,36,10,4,3,1,7,10,18,1,บัญชี
44,44,52,76,44,9,4,9,3,7,1,17,0,อาหาร
60,92,84,96,84,6,3,10,3,3,1,16,1,อาหาร
84,68,60,80,32,9,7,4,3,7,3,16,1,สารสนเทศ
80,52,40,96,88,6,9,4,3,10,3,19,1,อาหาร
44,60,32,68,32,7,8,4,7,10,10,17,0,สารสนเทศ
88,36,68,40,76,6,10,8,1,1,3,19,1,บัญชี
48,40,100,68,56,6,3,8,7,7,1,16,0,อาหาร
48,84,56,40,72,8,9,9,10,1,1,16,0,สารสนเทศ
68,32,56,72,80,7,9,8,7,7,1,16,0,อาหาร
72,60,56,64,56,5,5,6,7,3,10,19,0,อาหาร
72,68,68,76,40,5,10,7,1,1,3,19,0,สารสนเทศ
40,36,60,32,36,3,5,8,10,10,7,17,0,อาหาร
92,100,92,44,72,7,9,7,3,7,7,19,0,บัญชี
52,48,68,64,68,5,9,6,7,3,1,17,1,อาหาร
40,52,68,96,84,4,8,8,10,1,1,16,0,อาหาร
92,52,40,60,68,8,7,7,7,7,10,16,1,บัญชี
96,48,100,60,60,8,4,8,7,10,7,16,0,บัญชี
92,32,48,80,60,8,7,7,3,7,3,16,1,บัญชี
88,80,36,72,32,6,6,8,1,10,1,17,1,สารสนเทศ
76,96,76,52,56,9,8,8,10,1,1,17,1,สารสนเทศ
68,48,72,60,100,10,8,7,1,7,3,17,1,อาหาร
36,76,60,48,92,9,9,8,7,10,1,17,0,อาหาร
60,84,60,96,56,7,3,6,1,7,1,18,1,สารสนเทศ
56,88,84,40,72,5,9,5,10,1,3,16,0,อาหาร
48,60,44,56,88,10,10,3,1,7,1,18,1,อาหาร
80,52,88,32,64,5,8,7,7,7,1,18,1,บัญชี
64,56,76,48,32,4,4,7,7,7,10,19,0,บัญชี
36,80,60,84,36,6,4,10,3,10,7,17,1,สารสนเทศ
48,88,64,44,68,3,3,6,3,10,10,17,1,สารสนเทศ
80,44,48,36,96,10,7,6,3,7,3,19,1,อาหาร
36,56,84,64,80,7,7,4,3,1,7,18,0,อาหาร
88,92,68,32,36,7,10,4,3,3,1,16,0,บัญชี
64,88,52,36,44,8,6,8,3,10,7,17,0,สารสนเทศ
64,100,72,88,84,6,5,5,7,10,1,19,1,สารสนเทศ
72,84,100,84,88,3,7,7,1,1,1,17,0,อาหาร
88,60,60,96,72,7,9,8,10,7,10,19,1,อาหาร
56,72,96,92,76,8,10,6,3,3,7,17,1,อาหาร
80,76,56,80,32,6,9,9,1,1,10,16,0,สารสนเทศ
72,36,36,36,88,8,6,6,3,7,3,19,1,อาหาร
52,68,44,84,84,5,7,5,10,7,3,17,1,อาหาร
92,80,60,88,48,4,9,9,1,1,3,19,0,สารสนเทศ
88,44,48,88,80,4,6,9,7,10,7,16,1,อาหาร
76,84,32,68,48,6,4,4,7,10,7,16,0,สารสนเทศ
88,72,96,48,36,9,4,3,1,10,10,17,1,บัญชี
92,96,88,88,44,9,3,4,10,1,1,17,1,สารสนเทศ
80,36,84,80,44,6,8,5,3,7,7,17,0,บัญชี
88,52,44,100,56,7,4,10,3,3,3,18,0,บัญชี
80,72,40,44,60,8,5,7,10,3,1,16,0,บัญชี
80,52,36,48,68,5,5,6,7,7,7,18,0,บัญชี
76,80,80,48,64,4,7,9,10,10,3,18,1,บัญชี
84,84,96,84,52,10,6,6,7,1,1,17,0,บัญชี
44,40,60,44,32,7,8,5,7,10,1,19,1,อาหาร
92,68,40,36,72,10,3,10,10,10,3,17,0,บัญชี
92,68,68,100,60,5,4,9,1,10,3,16,0,อาหาร
32,56,56,32,52,8,6,9,10,10,3,16,1,สารสนเทศ
88,96,56,88,92,5,5,7,7,3,1,16,1,สารสนเทศ
40,88,76,56,84,5,5,8,1,10,1,16,0,สารสนเทศ
56,80,80,88,92,7,4,4,7,3,10,16,1,อาหาร
84,80,40,68,64,5,9,7,1,10,10,19,0,สารสนเทศ
44,64,36,92,40,4,8,10,7,1,3,19,1,สารสนเทศ
88,96,100,96,80,5,4,5,7,3,10,18,1,อาหาร
88,80,48,32,44,3,4,9,10,7,7,16,1,บัญชี
68,80,36,36,64,8,10,6,1,3,1,18,1,สารสนเทศ
32,92,44,48,36,6,8,3,7,3,1,18,0,สารสนเทศ
52,52,36,76,88,4,6,8,1,3,10,17,0,อาหาร
72,88,60,92,40,4,8,4,7,10,7,16,1,สารสนเทศ
100,44,88,64,92,4,8,7,7,7,10,18,1,อาหาร
76,56,56,72,92,7,8,4,7,3,10,19,1,อาหาร
48,56,64,44,64,4,6,10,10,1,3,18,1,อาหาร
76,100,76,88,84,8,6,5,10,3,1,17,0,สารสนเทศ
68,92,68,96,76,3,3,5,1,7,1,16,1,สารสนเทศ
84,80,92,52,88,5,10,4,3,7,1,17,1,อาหาร
40,80,92,64,60,9,7,10,7,1,1,17,0,อาหาร
84,72,32,36,84,8,4,8,3,1,3,17,0,บัญชี
68,96,84,68,64,4,9,8,1,3,1,18,1,สารสนเทศ
96,64,64,68,96,9,9,6,7,3,1,19,1,อาหาร
56,56,100,40,64,6,10,6,3,3,3,18,0,อาหาร
76,44,64,64,64,9,9,4,3,10,3,16,0,อาหาร
96,84,100,56,84,7,10,7,10,3,3,16,0,บัญชี
40,80,84,68,88,8,5,5,3,3,3,17,0,อาหาร
96,60,48,72,68,10,9,10,1,7,7,18,0,บัญชี
80,32,68,32,44,5,9,9,1,1,10,18,0,บัญชี
36,88,100,84,64,7,5,6,10,7,1,16,1,สารสนเทศ
52,32,92,80,96,6,4,4,10,7,1,16,0,อาหาร
80,80,40,56,84,3,10,8,7,3,10,16,1,อาหาร
36,96,80,36,88,3,5,4,3,10,7,17,1,สารสนเทศ
72,60,56,84,36,4,9,4,10,1,10,16,1,บัญชี
56,48,32,96,64,8,3,4,7,10,1,19,1,อาหาร
76,80,60,48,76,7,3,7,10,7,10,19,0,อาหาร
36,88,48,52,88,7,6,8,10,7,10,19,1,อาหาร
92,68,88,44,36,3,5,5,3,10,7,19,1,บัญชี
100,96,56,72,88,6,8,4,3,10,1,16,1,สารสนเทศ
96,36,88,44,68,10,7,6,1,7,10,17,0,บัญชี
84,68,32,56,44,6,4,8,3,10,10,16,0,สารสนเทศ
40,80,52,80,52,7,4,5,10,3,10,18,0,สารสนเทศ
84,92,48,72,52,8,6,4,10,7,1,17,0,สารสนเทศ
32,44,48,60,68,8,4,10,7,1,10,18,1,อาหาร
32,88,36,60,36,7,8,10,3,1,1,16,1,สารสนเทศ
56,68,44,72,44,9,6,10,1,10,1,16,1,สารสนเทศ
64,60,68,32,88,6,4,9,1,1,7,16,0,อาหาร
84,40,52,36,40,9,6,4,3,1,3,16,0,บัญชี
80,92,60,92,48,5,4,4,3,10,7,16,1,สารสนเทศ
64,44,56,36,64,5,4,5,7,1,7,16,0,อาหาร
52,52,92,80,68,3,5,5,1,3,1,17,1,อาหาร
100,52,92,96,84,9,9,10,10,7,7,18,0,อาหาร
60,92,64,52,64,6,10,8,3,7,10,16,1,สารสนเทศ
64,76,56,56,84,5,9,8,10,10,1,16,0,อาหาร
44,88,40,72,76,5,5,4,7,7,7,17,0,สารสนเทศ
88,48,96,92,40,9,5,9,1,7,3,16,0,บัญชี
80,76,36,96,44,9,7,9,10,7,3,18,1,สารสนเทศ
48,72,52,84,60,7,8,4,7,3,3,16,0,อาหาร
36,88,52,36,60,7,10,9,7,7,3,19,0,สารสนเทศ
80,92,52,76,84,6,4,5,7,10,1,16,0,สารสนเทศ
76,32,44,60,72,6,3,4,1,3,10,19,1,อาหาร
52,76,84,64,60,9,8,8,7,3,7,19,1,อาหาร
96,36,40,36,44,4,9,8,10,1,3,16,1,บัญชี
44,68,76,44,48,6,9,4,1,7,3,16,0,อาหาร
60,52,40,84,72,5,8,5,3,1,7,17,1,อาหาร
96,52,36,64,60,6,10,10,10,3,3,19,0,บัญชี
60,56,92,52,68,6,7,8,3,10,3,18,0,อาหาร
76,76,44,60,44,7,9,8,7,7,3,17,0,สารสนเทศ
60,56,88,92,76,4,10,4,7,3,3,16,0,อาหาร
52,80,68,84,88,7,9,4,7,10,1,18,0,อาหาร
100,60,36,52,48,5,5,5,3,3,7,16,1,บัญชี
60,36,96,40,64,4,4,5,3,7,10,18,1,อาหาร
92,84,48,48,100,4,7,5,1,7,1,18,1,อาหาร
48,52,92,96,56,8,6,4,7,1,1,19,0,อาหาร
48,60,44,72,72,6,9,7,7,10,1,19,1,อาหาร
36,80,92,68,40,7,4,5,7,1,10,18,0,สารสนเทศ
76,56,32,72,72,8,5,9,7,10,10,19,0,อาหาร
56,36,68,56,40,8,8,4,1,1,7,17,0,อาหาร
92,56,84,88,96,6,4,6,1,3,10,18,0,อาหาร
64,96,96,68,80,6,5,3,10,1,3,16,1,อาหาร
96,76,92,40,84,6,6,6,3,1,10,17,0,บัญชี
44,76,88,40,80,8,7,3,3,7,3,18,0,อาหาร
92,76,92,68,72,6,4,10,1,7,1,16,1,บัญชี
84,44,44,96,64,9,9,8,1,10,7,19,1,อาหาร
84,60,52,52,92,9,6,6,3,3,3,19,1,อาหาร
88,84,52,92,96,4,9,4,10,3,7,18,1,อาหาร
84,40,56,84,64,4,6,7,10,7,3,18,1,อาหาร
76,52,60,48,96,7,5,8,10,3,7,19,1,อาหาร
40,52,68,36,72,5,4,4,10,7,3,17,1,อาหาร
36,60,44,40,68,3,3,7,10,7,1,18,0,อาหาร
96,100,80,80,64,9,7,9,7,1,10,17,0,สารสนเทศ
72,36,44,44,48,5,4,8,1,10,10,19,1,บัญชี
88,68,52,56,32,10,6,9,10,7,10,16,0,บัญชี
64,44,68,68,48,8,7,9,1,7,7,19,0,อาหาร
40,96,88,80,68,8,5,10,3,1,7,16,0,สารสนเทศ
40,40,84,40,56,4,4,6,1,3,7,17,1,อาหาร
80,60,76,60,64,5,8,7,7,3,1,17,1,บัญชี
60,84,44,64,100,7,10,8,3,3,1,19,0,อาหาร
44,80,68,68,56,4,4,8,1,1,3,17,0,สารสนเทศ
64,60,36,88,64,5,4,10,3,10,10,19,0,อาหาร
36,56,56,44,40,5,10,3,10,7,1,16,1,อาหาร
72,60,60,88,36,4,3,6,7,7,10,18,1,สารสนเทศ
52,48,36,80,84,4,10,5,10,1,7,19,0,อาหาร
88,44,52,68,72,8,3,5,1,10,7,17,1,อาหาร
52,64,96,80,84,4,9,5,1,1,1,17,1,อาหาร
64,52,96,60,44,3,5,8,7,10,3,17,1,บัญชี
32,52,56,40,72,7,10,4,3,10,10,19,0,อาหาร
36,76,36,76,48,10,5,8,7,7,3,17,1,สารสนเทศ
60,96,44,68,48,5,8,8,10,10,3,19,1,สารสนเทศ
64,72,60,76,32,4,4,5,10,7,1,18,1,สารสนเทศ
72,36,96,56,40,7,5,5,10,1,1,16,0,บัญชี
52,36,40,92,52,9,8,7,3,1,1,17,1,อาหาร
80,96,84,72,40,8,7,8,1,3,7,18,1,สารสนเทศ
92,52,40,36,100,7,10,9,7,1,3,16,1,อาหาร
84,40,100,64,52,5,6,9,1,7,7,17,0,บัญชี
36,72,56,84,40,7,9,10,3,3,1,17,1,สารสนเทศ
64,76,84,88,44,4,6,7,1,10,10,19,0,อาหาร
40,76,56,64,72,8,10,9,3,3,10,17,1,อาหาร
48,52,76,92,36,8,10,9,1,3,1,19,1,อาหาร
100,32,44,52,92,10,5,9,1,10,3,16,0,บัญชี
40,96,40,60,96,5,9,3,7,1,1,19,1,สารสนเทศ
64,48,96,92,48,3,9,10,7,7,10,16,1,อาหาร
76,76,96,92,64,7,4,6,7,10,7,16,0,อาหาร
80,80,92,80,32,8,7,9,7,1,10,16,0,บัญชี
72,72,76,92,76,8,4,4,1,3,1,16,1,อาหาร
32,52,88,40,60,4,9,6,3,3,3,18,1,อาหาร
56,52,36,92,52,5,4,5,1,10,1,19,1,อาหาร
68,72,56,52,48,7,4,5,10,7,3,16,0,สารสนเทศ
40,92,52,44,76,5,6,4,7,3,7,17,0,สารสนเทศ
56,96,76,48,60,9,7,9,1,10,1,18,0,สารสนเทศ
36,40,56,60,44,6,9,3,3,1,7,18,0,อาหาร
36,44,44,48,80,9,10,5,10,10,7,18,1,อาหาร
60,96,72,52,72,7,6,4,7,10,10,17,1,สารสนเทศ
40,84,88,40,92,8,3,7,10,10,3,17,1,อาหาร
72,92,56,52,40,5,8,5,3,10,10,18,1,สารสนเทศ
80,44,40,72,84,9,7,5,1,3,10,16,1,อาหาร
88,72,44,64,76,5,6,6,10,10,10,16,0,อาหาร
44,80,48,56,40,7,5,8,7,3,10,16,0,สารสนเทศ
44,80,52,84,80,4,6,4,7,7,10,17,0,อาหาร
40,60,76,92,64,6,5,4,7,1,7,18,0,อาหาร
76,32,72,84,96,5,8,5,7,10,1,17,0,อาหาร
80,72,80,56,40,5,7,10,7,7,7,19,1,บัญชี
36,48,56,84,76,10,9,6,3,10,7,18,0,อาหาร
96,64,88,44,56,4,7,7,3,1,10,19,0,บัญชี
36,96,44,40,96,8,5,5,10,10,7,16,0,สารสนเทศ
68,60,64,56,56,10,9,6,3,10,3,17,0,บัญชี
80,88,88,88,96,3,7,4,7,7,7,16,0,อาหาร
92,44,44,48,92,8,4,3,7,3,10,19,0,อาหาร
80,76,40,36,52,5,7,6,10,3,1,17,0,บัญชี
88,100,92,40,88,3,6,6,3,1,3,18,1,บัญชี
56,40,56,92,100,6,9,4,3,3,7,19,1,อาหาร
88,32,80,76,48,10,6,8,10,1,1,19,1,บัญชี
36,60,32,48,60,3,8,10,10,3,1,19,0,สารสนเทศ
92,40,80,68,68,7,4,6,7,1,3,17,1,บัญชี
68,84,52,68,52,6,6,7,3,1,10,17,1,สารสนเทศ
88,96,36,76,32,9,10,10,3,1,1,19,1,สารสนเทศ
64,60,72,48,48,4,9,9,7,10,3,17,0,อาหาร
76,48,48,92,52,8,4,6,10,7,10,18,1,อาหาร
68,60,60,52,64,8,5,8,10,3,10,16,0,อาหาร
80,80,36,80,44,8,5,4,1,7,10,18,0,สารสนเทศ
36,32,44,32,92,10,8,7,3,7,3,18,1,อาหาร
36,72,52,56,80,9,8,5,3,10,10,17,1,อาหาร
48,72,40,56,36,3,8,4,10,1,1,17,0,สารสนเทศ
44,76,92,68,76,6,7,6,7,3,7,16,0,อาหาร
92,48,32,36,76,6,9,4,3,10,7,17,0,บัญชี
48,80,64,84,96,5,6,8,1,3,1,17,0,อาหาร
100,40,40,48,32,6,4,6,7,1,7,19,1,บัญชี
56,44,52,80,48,6,7,7,1,1,1,17,0,อาหาร
44,92,96,88,96,6,10,4,10,1,10,18,1,อาหาร
84,84,44,72,96,10,9,4,10,10,3,17,0,อาหาร
76,32,96,84,80,4,7,7,3,3,7,18,1,อาหาร
64,48,44,76,84,10,8,10,3,10,1,19,1,อาหาร
68,48,84,56,40,6,10,4,10,10,1,17,1,บัญชี
80,52,68,88,68,7,6,5,3,7,10,16,1,อาหาร
48,48,92,52,48,9,5,9,1,1,10,19,0,อาหาร
100,36,68,72,44,6,10,4,10,1,10,17,1,บัญชี
100,64,68,84,88,6,9,9,10,3,3,16,1,อาหาร
76,80,44,56,40,6,5,7,10,3,1,17,0,สารสนเทศ
44,72,44,52,64,6,6,6,1,7,3,16,1,สารสนเทศ
80,76,96,64,96,10,6,5,1,3,3,16,1,อาหาร
36,36,56,88,44,9,4,5,1,10,1,16,0,อาหาร
36,96,56,96,100,4,10,5,1,7,7,17,1,อาหาร
48,88,84,68,100,4,6,9,10,7,3,18,0,อาหาร
64,88,56,76,68,6,9,8,1,10,1,16,0,สารสนเทศ
92,88,96,92,44,4,4,8,7,1,3,18,1,บัญชี
80,96,84,40,52,7,7,9,3,1,7,16,1,สารสนเทศ
84,68,72,48,60,4,3,5,3,1,7,17,1,บัญชี
60,44,92,80,52,7,8,7,10,1,3,17,0,อาหาร
56,72,36,88,52,3,7,6,1,7,7,18,0,สารสนเทศ
56,84,48,92,100,5,7,8,3,3,1,16,1,อาหาร
100,84,64,60,44,8,3,5,3,3,10,16,0,บัญชี
36,68,48,40,80,6,4,8,1,10,10,19,1,อาหาร
92,36,84,60,32,10,4,9,3,1,7,17,0,บัญชี
72,56,96,48,72,9,5,6,3,7,1,16,1,บัญชี
60,96,60,52,96,6,7,4,7,1,7,17,0,อาหาร
80,72,56,84,52,3,7,7,10,3,7,18,1,สารสนเทศ
64,68,96,36,44,9,7,5,7,7,10,17,1,บัญชี
92,52,64,88,76,9,7,8,1,10,10,17,1,อาหาร
92,56,64,60,80,9,5,10,7,3,10,18,0,บัญชี
60,92,56,72,80,4,5,6,1,1,1,18,0,สารสนเทศ
52,76,92,40,52,10,4,6,7,3,10,18,0,อาหาร
72,84,72,56,48,5,9,8,7,1,7,19,0,สารสนเทศ
96,64,84,40,96,8,7,4,1,1,10,18,1,อาหาร
48,76,88,96,96,9,4,5,10,7,3,19,1,อาหาร
76,48,56,88,64,5,4,9,10,1,3,16,1,อาหาร
76,80,60,64,88,9,9,8,10,3,3,16,0,อาหาร
80,60,88,48,64,5,8,3,3,7,1,16,1,บัญชี
40,64,56,96,60,10,8,4,7,3,3,16,1,อาหาร
80,76,88,56,44,5,6,8,10,1,10,19,1,บัญชี
92,96,96,44,60,10,5,8,3,10,1,16,0,บัญชี
44,36,76,72,68,3,10,9,10,3,1,18,0,อาหาร
48,88,84,96,32,8,9,5,1,10,1,19,1,สารสนเทศ
100,52,88,32,64,7,5,10,1,3,3,17,0,บัญชี
44,64,88,48,84,6,9,7,10,3,10,19,0,อาหาร
92,32,60,96,80,5,8,8,10,3,1,16,0,อาหาร
64,52,36,44,76,8,5,7,10,3,1,17,0,อาหาร
48,68,60,40,92,4,6,4,10,1,10,16,1,อาหาร
92,36,76,72,32,7,4,10,1,3,10,16,1,บัญชี
64,64,64,92,68,5,4,4,1,10,1,17,1,อาหาร
68,96,84,64,84,10,8,5,10,7,10,19,0,อาหาร
56,40,56,100,68,3,5,9,1,1,7,19,1,อาหาร
72,84,76,80,56,4,9,7,7,7,10,17,0,สารสนเทศ
44,60,44,36,40,5,10,9,7,10,3,19,1,สารสนเทศ
60,76,84,100,92,6,4,7,1,7,10,18,0,อาหาร
96,48,68,60,64,5,6,6,3,1,1,19,0,บัญชี
48,44,44,52,92,6,9,10,7,10,1,17,1,อาหาร
76,44,52,68,72,9,8,3,10,3,3,19,0,อาหาร
56,36,84,52,76,8,8,9,7,3,3,16,0,อาหาร
84,44,64,36,88,7,5,5,7,7,10,16,0,อาหาร
40,76,48,32,76,4,6,9,3,10,7,18,1,สารสนเทศ
96,92,96,64,60,8,7,4,3,10,1,18,1,บัญชี
64,88,80,88,68,4,10,7,1,10,3,16,0,อาหาร
48,80,96,72,88,8,5,9,3,1,3,17,1,อาหาร
36,40,60,100,56,5,10,6,1,10,10,17,0,อาหาร
44,52,64,52,60,6,5,8,1,1,7,16,1,อาหาร
68,52,92,52,40,6,10,9,3,3,7,18,1,บัญชี
56,48,68,44,96,9,8,8,3,7,7,17,1,อาหาร
88,68,80,44,40,4,6,10,1,3,10,19,0,บัญชี
60,68,48,52,76,7,7,6,7,7,7,18,0,อาหาร
48,56,64,84,60,4,5,4,7,3,1,19,0,อาหาร
72,56,40,92,60,8,5,3,1,10,10,19,1,อาหาร
80,88,44,100,80,9,4,5,10,1,7,16,0,สารสนเทศ
44,84,32,48,36,6,4,4,1,3,7,18,0,สารสนเทศ
44,52,36,92,72,6,5,7,10,10,10,18,1,อาหาร
36,96,100,56,84,10,8,4,1,1,10,16,1,อาหาร
84,96,48,40,88,7,7,3,10,7,10,19,0,สารสนเทศ
76,56,76,92,44,6,4,3,1,7,10,17,0,อาหาร
64,56,88,76,92,7,9,9,10,3,1,19,1,อาหาร
88,68,68,44,76,8,7,7,3,7,3,17,1,บัญชี
88,96,44,60,92,4,10,6,7,1,7,17,1,อาหาร
72,92,80,52,64,9,8,9,3,10,3,18,0,สารสนเทศ
92,40,72,84,68,6,4,4,1,1,10,18,1,อาหาร
44,60,80,64,96,4,6,10,10,3,10,17,0,อาหาร
40,68,84,100,92,8,8,7,1,1,7,19,0,อาหาร
52,68,100,36,64,6,3,4,10,7,10,18,0,อาหาร
36,44,72,56,52,4,3,8,1,7,3,16,1,อาหาร
68,92,56,64,60,7,4,8,3,10,7,17,1,สารสนเทศ
96,80,76,68,60,9,5,6,7,7,7,16,0,บัญชี
36,88,36,52,52,9,6,9,3,7,3,16,1,สารสนเทศ
40,92,92,80,52,10,6,4,1,10,1,16,1,สารสนเทศ
64,84,40,92,92,9,4,5,10,3,10,16,1,อาหาร
96,60,56,96,36,3,8,4,10,7,7,16,1,บัญชี
52,72,88,88,80,6,7,4,10,7,10,18,0,อาหาร
68,44,72,88,44,9,5,5,3,3,7,17,1,อาหาร
36,76,60,68,56,6,3,9,7,10,1,17,1,สารสนเทศ
44,44,64,88,36,7,4,4,3,1,3,17,0,อาหาร
100,80,92,52,52,7,6,6,3,7,3,17,1,บัญชี
96,48,56,60,84,6,4,7,10,7,10,17,1,บัญชี
32,40,92,52,92,9,6,9,3,10,1,19,0,อาหาร
96,44,40,64,48,6,7,10,3,10,10,17,0,บัญชี
76,32,84,52,64,6,7,8,3,7,10,16,0,อาหาร
92,80,88,96,64,10,5,10,7,7,10,18,0,อาหาร
64,80,44,52,92,6,5,8,10,3,3,17,1,อาหาร
68,68,60,40,84,4,7,10,7,3,10,18,0,อาหาร
64,44,44,68,68,7,9,8,3,10,3,16,1,อาหาร
76,36,80,36,76,9,8,4,10,10,1,17,0,บัญชี
40,32,68,40,88,8,7,6,7,10,1,18,0,อาหาร
36,44,76,48,32,8,6,8,1,1,10,17,1,อาหาร
52,92,44,64,60,8,6,6,1,10,1,16,0,สารสนเทศ
80,48,48,60,92,5,9,5,1,10,7,19,1,อาหาร
44,56,36,88,84,9,3,7,3,3,1,16,0,อาหาร
76,40,52,84,68,9,10,10,10,7,3,17,1,อาหาร
96,48,72,60,68,4,8,3,3,10,1,17,1,บัญชี
40,68,92,56,56,4,8,8,3,7,10,16,0,อาหาร
76,72,76,52,68,10,3,8,10,10,7,19,0,บัญชี
64,48,60,84,76,9,7,10,10,3,10,17,0,อาหาร
92,36,96,36,60,9,6,10,7,7,7,17,0,บัญชี
44,60,80,32,80,9,4,8,3,10,10,16,1,อาหาร
80,48,96,88,92,7,5,7,1,3,7,16,0,อาหาร
88,48,68,64,44,8,9,4,1,10,7,16,0,บัญชี
96,96,48,40,64,7,7,7,1,7,7,17,1,สารสนเทศ
80,72,36,48,60,3,6,8,3,3,3,19,1,สารสนเทศ
64,68,80,96,80,8,4,9,7,1,10,16,0,อาหาร
72,60,40,92,48,6,8,8,1,3,7,19,0,อาหาร
92,60,52,80,76,8,8,4,1,7,10,16,0,อาหาร
72,68,68,64,92,6,7,7,1,10,10,19,1,อาหาร
36,80,72,68,60,6,7,5,7,3,1,19,0,สารสนเทศ
96,80,72,100,92,4,6,3,7,3,7,16,1,อาหาร
80,44,44,96,100,5,7,4,7,1,1,19,1,อาหาร
80,64,56,48,40,4,5,4,3,7,7,18,0,บัญชี
48,60,72,88,48,4,10,9,3,10,7,18,0,อาหาร
76,92,96,44,96,10,7,5,1,7,10,16,0,อาหาร
60,76,80,48,96,4,5,5,1,7,1,17,1,อาหาร
76,68,96,76,40,5,6,10,10,7,1,16,0,บัญชี
40,40,84,60,32,7,9,6,10,1,1,19,0,อาหาร
76,72,72,96,44,7,4,3,7,7,3,16,0,สารสนเทศ
100,40,44,40,100,4,5,5,10,7,10,16,1,บัญชี
36,56,76,68,44,9,8,4,7,7,10,16,1,อาหาร
100,40,76,96,68,8,5,4,1,10,7,19,1,อาหาร
60,80,72,92,88,5,8,4,10,10,10,19,0,อาหาร
92,44,64,44,32,5,4,7,1,10,3,16,0,บัญชี
84,60,68,56,72,10,8,4,7,10,1,17,0,บัญชี
72,92,56,76,52,9,4,6,3,10,1,18,1,สารสนเทศ
84,44,68,44,92,8,3,9,3,7,10,19,1,อาหาร
92,68,44,96,52,4,9,6,7,1,7,17,1,อาหาร
60,60,88,96,80,6,7,9,3,3,7,17,0,อาหาร
56,32,44,44,76,7,6,6,3,10,3,17,0,อาหาร
76,84,36,40,48,4,5,6,3,1,3,18,1,สารสนเทศ
88,36,60,36,36,6,7,8,3,1,10,19,0,บัญชี
84,64,76,92,60,7,7,4,10,1,1,17,1,อาหาร
88,72,60,44,52,5,10,4,10,7,10,16,0,บัญชี
60,76,52,60,88,8,10,8,3,3,3,16,0,อาหาร
88,80,68,64,88,9,7,6,1,3,1,19,1,อาหาร
40,48,56,72,64,5,6,8,10,1,7,19,0,อาหาร
68,32,96,36,72,9,6,9,1,7,3,17,1,อาหาร
32,80,96,48,72,4,8,6,1,3,7,17,1,อาหาร
56,68,68,96,88,9,4,7,3,3,7,17,0,อาหาร
56,88,56,92,60,4,5,6,10,7,7,17,0,สารสนเทศ
60,88,84,84,52,4,4,10,1,7,10,17,1,สารสนเทศ
80,88,36,32,52,8,4,9,1,3,7,18,1,สารสนเทศ
60,64,64,56,68,6,4,9,3,7,3,16,0,อาหาร
64,56,56,76,64,9,6,5,3,3,7,18,0,อาหาร
48,84,96,52,60,6,8,8,7,10,7,17,1,อาหาร
56,64,32,92,40,5,6,5,3,1,1,17,1,สารสนเทศ
48,44,68,76,80,6,5,4,3,1,10,19,1,อาหาร
36,92,84,36,48,6,4,10,1,10,7,16,0,สารสนเทศ
72,92,64,92,44,5,7,3,1,7,10,16,1,สารสนเทศ
76,64,36,96,60,8,5,10,10,1,10,19,1,อาหาร
76,36,100,36,48,8,7,4,10,1,3,18,0,บัญชี
64,60,68,68,72,9,10,9,1,10,7,16,0,อาหาร
56,88,72,52,56,10,4,5,1,10,3,18,0,สารสนเทศ
92,92,48,60,64,5,4,6,1,3,3,17,0,สารสนเทศ
68,44,64,44,68,8,6,4,7,7,10,17,1,อาหาร
64,36,60,72,44,6,10,7,7,1,10,19,0,อาหาร
32,92,36,96,44,8,8,5,3,7,1,18,1,สารสนเทศ
56,60,40,68,92,6,9,8,7,1,7,18,0,อาหาร
56,68,88,36,60,10,5,3,7,3,10,16,0,อาหาร
60,96,48,76,60,8,10,4,10,1,7,19,1,สารสนเทศ
72,36,44,56,36,10,4,4,1,3,10,19,0,บัญชี
68,76,68,92,64,9,3,6,1,3,10,18,1,อาหาร
72,36,84,60,68,9,9,9,1,3,3,17,1,อาหาร
84,56,36,44,68,9,10,9,10,1,3,18,1,บัญชี
88,88,72,44,80,6,4,5,10,3,7,18,0,บัญชี
80,60,40,84,44,5,4,7,7,10,3,19,0,สารสนเทศ
96,100,36,52,48,6,3,8,1,3,7,17,1,สารสนเทศ
32,68,36,84,88,3,4,5,3,7,7,19,1,อาหาร
44,52,88,44,96,7,4,6,3,3,10,17,1,อาหาร
32,48,40,52,40,6,10,7,7,3,3,16,1,อาหาร
76,56,36,64,64,7,8,4,3,7,1,16,1,อาหาร
92,56,60,96,48,10,8,3,1,10,3,17,0,บัญชี
48,36,88,96,36,9,8,4,7,1,7,17,0,อาหาร
96,56,48,48,56,4,7,7,3,1,3,17,1,บัญชี
36,64,60,56,40,6,9,4,3,7,7,16,1,สารสนเทศ
96,80,36,44,80,6,7,4,1,10,1,18,1,บัญชี
56,76,64,68,68,6,5,5,10,10,7,16,1,สารสนเทศ
40,80,72,64,40,9,7,4,7,3,3,18,1,สารสนเทศ
64,32,72,92,32,7,7,4,10,3,7,17,1,อาหาร
48,48,56,96,88,7,9,9,3,7,3,19,0,อาหาร
52,76,52,60,44,9,10,3,10,7,3,19,1,สารสนเทศ
52,64,40,64,72,9,6,8,10,7,10,18,1,อาหาร
88,32,56,92,56,4,8,6,7,10,1,16,1,อาหาร
68,88,40,88,72,8,4,8,10,7,7,17,0,สารสนเทศ
52,84,84,32,52,6,8,7,3,3,10,19,1,สารสนเทศ
72,68,96,52,36,5,6,5,3,3,7,17,1,บัญชี
80,36,96,60,48,3,3,9,1,7,10,19,0,บัญชี
52,84,92,48,44,6,6,6,7,3,1,18,0,สารสนเทศ
60,72,72,44,60,6,7,9,7,3,3,16,0,อาหาร
40,84,80,36,76,5,4,6,10,1,3,19,1,อาหาร
44,84,52,76,48,8,10,10,1,1,1,19,0,สารสนเทศ
80,88,76,48,32,8,4,8,3,3,3,18,0,สารสนเทศ
44,68,64,36,68,5,10,10,1,10,3,18,0,อาหาร
68,40,64,48,72,3,8,7,7,3,7,19,1,อาหาร
80,76,84,88,96,9,5,6,1,7,10,19,1,อาหาร
40,76,52,88,72,3,6,8,10,3,1,18,0,อาหาร
72,84,52,64,64,10,8,9,1,1,3,16,1,สารสนเทศ
48,44,96,60,72,7,7,10,3,10,3,16,1,อาหาร
96,44,36,100,96,5,8,5,10,10,3,19,0,อาหาร
64,92,64,44,88,5,6,9,3,1,10,19,0,อาหาร
88,84,96,48,52,3,6,4,1,7,3,16,1,บัญชี
68,92,72,52,48,5,10,7,3,3,1,17,1,สารสนเทศ
36,84,68,44,48,4,4,4,1,10,7,16,1,สารสนเทศ
76,72,48,56,68,7,6,5,10,3,10,19,0,อาหาร
96,76,56,92,84,4,5,10,7,1,7,19,1,อาหาร
72,92,88,72,68,7,8,4,3,7,7,18,1,อาหาร
88,72,68,60,36,7,8,7,7,10,1,18,0,บัญชี
92,76,68,96,80,5,5,7,1,1,1,17,0,อาหาร
48,44,40,36,88,3,4,4,10,7,1,17,1,อาหาร
48,64,32,48,52,3,3,5,10,1,3,17,1,สารสนเทศ
72,80,96,72,76,3,6,7,10,10,10,17,1,อาหาร
60,52,56,72,60,8,6,4,3,1,7,17,0,อาหาร
88,44,72,36,92,5,10,9,3,10,1,16,1,อาหาร
92,52,36,60,88,9,6,10,1,3,3,17,0,อาหาร
56,48,80,76,68,6,5,4,7,3,3,17,0,อาหาร
48,48,96,80,80,6,9,4,7,10,7,17,0,อาหาร
84,60,72,76,92,7,6,6,3,10,3,19,1,อาหาร
52,92,40,52,64,8,7,8,10,7,3,16,0,สารสนเทศ
88,68,72,40,52,5,4,5,1,1,7,16,0,บัญชี
60,44,84,60,84,4,6,3,1,7,1,16,1,อาหาร
76,36,60,40,48,7,10,7,1,7,1,19,0,บัญชี
40,80,92,96,60,5,7,10,1,7,1,19,0,อาหาร
76,60,76,64,92,6,5,6,1,7,3,17,1,อาหาร
64,88,92,52,80,8,7,6,3,1,1,17,1,อาหาร
72,76,76,84,60,6,9,10,3,7,3,19,1,อาหาร
44,88,40,64,48,7,5,8,1,7,10,16,0,สารสนเทศ
84,52,52,52,56,7,6,8,10,1,7,18,1,บัญชี
92,80,44,88,52,8,10,7,1,7,7,16,0,สารสนเทศ
48,48,92,92,44,8,4,10,7,7,10,18,0,อาหาร
40,96,84,76,84,7,8,8,3,7,3,19,0,อาหาร
32,76,76,36,48,8,7,9,7,1,10,17,0,สารสนเทศ
76,56,52,72,64,9,8,8,10,7,3,17,1,อาหาร
72,52,44,84,60,6,6,8,1,3,3,16,1,อาหาร
68,44,84,40,100,6,5,5,3,7,3,17,1,อาหาร
48,80,64,48,60,8,8,5,10,10,1,18,1,สารสนเทศ
60,48,48,92,36,7,4,8,7,7,10,19,0,อาหาร
72,72,72,32,40,4,6,5,3,1,1,17,1,บัญชี
64,48,36,84,72,9,4,7,3,7,3,18,0,อาหาร
100,76,56,64,72,3,3,5,7,10,3,17,1,บัญชี
40,88,64,64,60,8,10,9,10,1,1,16,1,สารสนเทศ
80,84,44,32,60,8,6,4,1,10,1,17,0,สารสนเทศ
60,84,100,88,36,10,10,9,1,7,1,16,0,สารสนเทศ
60,44,48,56,68,3,4,7,3,10,3,16,0,อาหาร
80,40,40,68,68,7,7,4,1,3,10,17,1,อาหาร
80,80,44,80,44,6,4,7,3,3,3,19,1,สารสนเทศ
100,56,84,80,40,5,8,5,1,10,1,18,0,บัญชี
40,60,60,96,40,4,8,5,1,3,7,16,1,อาหาร
40,36,72,68,40,7,4,6,1,1,10,18,0,อาหาร
80,48,32,60,72,6,9,3,10,7,1,18,0,อาหาร
72,36,36,96,44,4,4,10,1,1,3,17,0,อาหาร
52,92,64,76,48,7,7,3,1,10,10,19,0,สารสนเทศ
36,48,88,52,44,8,10,8,1,7,1,17,1,อาหาร
36,68,92,40,96,8,9,6,10,10,7,18,1,อาหาร
92,36,36,88,92,9,10,8,10,10,1,18,0,อาหาร
44,76,68,56,48,6,5,6,10,1,10,18,1,สารสนเทศ
52,52,96,76,56,10,4,8,1,3,10,18,0,อาหาร
48,92,60,64,48,9,4,8,10,10,10,17,1,สารสนเทศ
56,92,88,44,64,5,6,8,3,3,3,17,0,สารสนเทศ
36,56,40,72,32,4,9,4,3,10,3,18,1,สารสนเทศ
68,92,96,36,76,6,4,8,7,7,1,17,0,สารสนเทศ
36,100,84,60,68,6,8,5,10,1,10,16,0,สารสนเทศ
88,88,96,68,92,7,5,3,10,10,10,18,0,อาหาร
48,88,80,60,44,7,5,6,10,1,3,16,0,สารสนเทศ
68,48,56,84,88,8,8,6,10,1,7,19,1,อาหาร
92,72,96,88,84,7,6,6,1,7,1,16,0,อาหาร
76,36,52,84,40,4,9,8,3,10,3,16,1,อาหาร
68,40,56,36,60,9,4,5,1,7,7,19,0,บัญชี
56,100,80,44,44,5,8,5,10,3,3,19,1,สารสนเทศ
56,56,84,68,48,10,3,3,1,3,3,16,0,อาหาร
76,84,96,96,48,4,4,8,10,3,1,16,1,สารสนเทศ
100,88,44,88,68,10,8,7,3,3,10,16,1,สารสนเทศ
76,92,88,88,60,4,9,5,3,1,10,18,1,อาหาร
68,100,84,52,96,5,5,8,1,7,10,18,0,อาหาร
80,48,36,60,40,3,5,7,3,10,7,19,1,บัญชี
64,36,60,64,100,8,7,6,10,3,7,19,0,อาหาร
36,60,52,44,48,9,4,7,1,1,3,19,1,สารสนเทศ
72,40,52,36,84,6,9,8,3,10,10,19,1,อาหาร
96,32,100,96,56,10,8,8,1,7,7,17,0,บัญชี
44,56,76,48,40,7,4,5,3,10,7,17,0,อาหาร
80,84,80,48,92,7,6,4,1,1,7,18,1,อาหาร
44,72,100,36,52,9,8,4,3,1,10,19,0,อาหาร
68,52,56,96,76,5,5,8,10,7,1,18,0,อาหาร
40,76,88,72,72,6,7,9,3,7,1,18,0,อาหาร
64,48,60,76,64,9,3,6,3,3,7,17,1,อาหาร
84,32,92,92,64,9,7,4,7,7,10,17,0,อาหาร
56,84,44,56,80,10,4,8,1,1,7,17,0,สารสนเทศ
76,76,96,76,36,9,9,9,3,3,3,19,0,บัญชี
88,84,48,36,76,4,6,9,7,7,3,19,0,บัญชี
96,36,56,44,92,9,5,7,1,3,7,16,1,บัญชี
48,88,84,88,36,6,9,9,7,7,7,17,1,สารสนเทศ
60,76,60,84,40,10,3,3,3,3,7,17,0,สารสนเทศ
44,72,72,56,80,6,6,4,10,3,3,17,0,อาหาร
100,76,64,56,60,7,6,4,10,3,10,17,1,บัญชี
96,92,84,68,60,7,5,8,1,3,7,17,0,บัญชี
68,72,48,32,40,5,9,4,3,1,10,19,1,บัญชี
88,72,36,48,68,4,8,6,3,7,1,16,1,บัญชี
68,100,52,48,40,9,3,6,1,10,3,16,1,สารสนเทศ
76,84,64,48,64,9,8,5,10,3,10,19,0,สารสนเทศ
40,64,44,88,84,4,7,9,10,1,1,17,0,อาหาร
84,80,56,52,48,8,9,4,3,10,7,18,1,บัญชี
40,60,60,44,64,7,5,6,7,3,3,17,0,อาหาร
88,48,36,68,100,6,7,8,1,1,10,19,1,อาหาร
84,72,72,92,80,5,6,3,7,3,3,18,1,อาหาร
80,96,92,48,88,9,6,8,10,7,1,18,0,อาหาร
36,96,44,36,60,8,6,9,7,3,10,16,0,สารสนเทศ
52,56,72,56,84,7,4,10,3,7,7,19,1,อาหาร
48,68,76,84,36,7,8,9,7,3,1,16,0,สารสนเทศ
56,48,60,68,40,4,6,5,3,1,1,16,1,อาหาร
36,100,80,88,44,6,10,7,7,3,10,18,1,สารสนเทศ
96,100,60,96,60,4,5,4,3,7,1,18,1,สารสนเทศ
68,76,68,84,88,4,8,5,3,7,7,17,0,อาหาร
52,88,32,72,56,8,10,4,7,1,3,17,1,สารสนเทศ
60,80,80,64,76,9,8,5,10,1,10,18,0,อาหาร
64,72,76,36,80,6,9,9,1,7,10,19,0,อาหาร
72,36,36,100,72,4,9,5,10,10,7,16,1,อาหาร
68,64,56,60,56,8,6,7,7,3,1,16,0,บัญชี
96,76,100,44,72,9,7,6,7,7,10,18,0,บัญชี
64,80,60,76,56,8,4,6,10,1,3,18,0,สารสนเทศ
100,56,68,52,36,9,7,10,3,3,10,16,1,บัญชี
88,96,92,72,100,7,5,5,10,1,3,18,0,อาหาร
48,44,80,72,40,8,8,7,1,10,7,16,1,อาหาร
96,64,72,64,36,4,7,6,1,3,1,16,1,บัญชี
40,80,88,88,92,5,6,3,7,10,7,19,0,อาหาร
88,80,92,48,52,6,5,6,10,7,3,19,0,บัญชี
56,76,64,64,76,7,10,9,10,10,3,18,1,อาหาร
92,52,64,68,56,10,4,4,7,3,1,19,1,บัญชี
92,44,60,76,60,9,3,4,7,1,1,19,1,บัญชี
88,76,96,84,48,4,4,4,3,10,1,17,1,บัญชี
84,72,80,60,56,4,10,8,10,7,3,19,0,บัญชี
52,44,36,76,60,6,10,8,3,10,10,16,1,อาหาร
36,80,92,44,80,5,8,7,7,1,3,16,0,อาหาร
60,64,64,96,68,7,9,6,7,3,7,19,1,อาหาร
44,76,36,60,96,9,4,9,7,7,1,19,0,อาหาร
80,88,68,80,36,10,10,8,3,1,7,17,0,สารสนเทศ
56,44,60,32,68,8,4,9,10,7,3,19,1,อาหาร
100,32,92,44,72,9,4,9,7,3,10,16,1,บัญชี
76,84,44,64,96,7,4,8,10,1,10,16,0,อาหาร
88,72,88,92,36,4,7,6,1,1,3,16,0,บัญชี
40,80,68,68,72,7,8,9,7,3,10,17,0,อาหาร
92,88,36,96,92,7,6,10,7,1,1,17,0,สารสนเทศ
96,88,100,64,48,8,10,3,7,7,7,16,1,บัญชี
64,96,68,64,92,4,6,3,10,1,1,19,0,อาหาร
72,68,52,40,32,6,4,10,1,3,3,17,1,บัญชี
84,64,64,88,80,6,6,5,1,10,1,18,1,อาหาร
44,60,92,48,96,10,8,9,3,3,7,17,1,อาหาร
68,44,52,92,76,6,9,6,1,3,3,16,0,อาหาร
60,72,44,92,60,8,6,4,10,7,10,16,0,สารสนเทศ
40,52,40,96,36,8,7,4,1,10,7,17,1,สารสนเทศ
56,96,52,68,96,5,5,4,3,1,1,16,1,อาหาร
36,72,84,80,64,7,8,5,1,3,7,19,0,อาหาร
32,72,64,84,32,9,10,6,7,7,10,19,0,สารสนเทศ
40,56,48,40,80,6,3,8,3,3,10,18,1,อาหาร
96,36,44,72,64,10,9,10,1,10,7,17,0,บัญชี
68,36,56,36,40,4,7,6,3,10,10,19,0,บัญชี
96,60,96,64,48,4,5,7,3,10,10,16,0,บัญชี
60,36,56,44,36,9,10,7,10,3,1,19,0,บัญชี
52,72,100,44,72,9,6,7,1,1,1,16,1,อาหาร
68,92,64,56,76,10,5,7,7,10,1,18,1,สารสนเทศ
60,92,44,60,68,8,4,3,10,3,3,17,0,สารสนเทศ
40,76,92,76,88,10,5,3,10,1,3,16,0,อาหาร
76,48,64,36,92,9,9,4,10,7,10,17,0,อาหาร
48,92,80,68,72,9,7,4,10,3,3,17,1,อาหาร
76,92,100,44,32,7,9,8,3,3,7,18,0,บัญชี
76,44,36,72,80,6,5,4,7,10,7,16,1,อาหาร
44,84,40,76,60,10,4,9,1,1,1,16,1,สารสนเทศ
36,52,80,68,72,6,3,10,3,1,1,16,0,อาหาร
84,88,52,84,76,7,7,10,10,3,7,18,0,สารสนเทศ
64,100,44,56,56,6,10,10,3,7,7,17,0,สารสนเทศ
36,36,36,84,96,7,8,5,7,1,10,18,1,อาหาร
100,92,32,60,40,6,5,7,7,3,3,18,1,สารสนเทศ
36,76,84,64,76,3,9,4,3,7,10,18,1,อาหาร
80,100,40,76,32,9,8,9,10,10,3,16,1,สารสนเทศ
100,64,64,32,96,6,3,9,3,1,7,17,1,บัญชี
48,88,72,76,40,7,9,9,1,10,7,18,0,สารสนเทศ
40,36,60,76,40,4,5,6,10,1,1,18,1,อาหาร
40,56,32,52,56,3,4,8,3,7,1,19,1,สารสนเทศ
52,36,84,36,56,5,5,4,10,3,1,19,0,อาหาร
40,100,32,40,48,8,6,3,7,1,3,16,1,สารสนเทศ
80,88,84,96,72,4,6,8,3,7,7,16,1,อาหาร
36,88,92,80,64,9,5,6,10,1,1,17,1,สารสนเทศ
68,96,60,40,36,4,4,10,7,1,7,16,1,สารสนเทศ
100,36,68,56,52,4,8,4,3,3,3,19,0,บัญชี
88,60,64,72,88,4,10,9,1,7,10,19,1,อาหาร
72,36,60,88,80,3,8,6,10,1,10,17,0,อาหาร
52,48,92,36,80,8,5,9,1,1,10,18,0,อาหาร
76,48,92,48,80,9,5,9,10,1,7,16,1,อาหาร
68,64,56,92,52,7,4,9,3,3,3,19,0,สารสนเทศ
60,52,72,32,40,4,4,5,7,3,10,19,0,บัญชี
40,40,96,44,52,5,7,10,10,1,1,17,1,อาหาร
92,44,96,96,88,6,7,4,1,1,3,19,1,อาหาร
64,44,68,72,100,10,8,4,7,3,1,17,0,อาหาร
44,100,64,48,64,5,8,6,10,10,7,17,0,สารสนเทศ
56,84,52,36,32,8,5,9,10,7,7,16,1,สารสนเทศ
60,96,96,32,40,6,5,6,7,10,7,17,1,สารสนเทศ
88,60,40,48,52,5,8,9,7,1,3,16,1,บัญชี
80,52,72,92,72,6,5,8,10,10,1,17,1,อาหาร
84,88,52,60,36,4,4,4,10,3,10,17,0,สารสนเทศ
32,56,52,80,96,9,6,10,10,10,7,18,1,อาหาร
60,52,60,96,56,5,5,3,3,3,3,17,0,อาหาร
64,48,100,60,96,8,4,9,10,3,7,19,0,อาหาร
32,40,36,44,84,4,9,5,3,3,1,19,0,อาหาร
48,48,72,68,84,10,9,6,1,3,1,19,0,อาหาร
84,56,36,92,72,4,4,6,3,10,3,16,0,อาหาร
40,76,44,88,76,9,4,4,1,7,1,18,0,สารสนเทศ
68,36,60,36,76,9,8,6,1,10,1,18,0,อาหาร
48,48,68,80,76,10,4,4,3,7,10,16,0,อาหาร
32,88,48,72,68,6,6,4,1,3,7,18,0,สารสนเทศ
48,44,52,92,100,8,3,4,7,1,3,18,0,อาหาร
100,56,36,40,80,6,5,6,1,10,7,18,1,บัญชี
88,92,52,68,84,4,9,9,1,7,10,17,1,อาหาร
96,44,96,92,92,6,9,7,1,7,1,18,0,อาหาร
64,36,96,60,48,4,4,9,1,3,10,16,0,อาหาร
40,64,56,64,36,10,5,8,3,7,7,17,0,สารสนเทศ
68,52,72,36,64,4,4,8,7,10,1,18,0,บัญชี
64,72,92,52,68,7,4,8,10,1,3,19,0,อาหาร
88,88,32,56,88,7,10,6,10,3,3,18,0,อาหาร
40,40,88,96,64,7,8,8,10,1,7,16,0,อาหาร
64,72,96,52,72,8,7,4,1,10,1,19,1,อาหาร
44,68,40,64,68,4,8,9,3,1,7,18,0,อาหาร
56,40,44,76,36,7,9,8,1,1,7,19,1,อาหาร
84,76,96,44,72,5,9,5,10,3,3,18,1,บัญชี
64,52,68,64,88,10,3,8,1,7,10,16,1,อาหาร
56,64,32,84,44,8,4,3,7,3,10,18,1,สารสนเทศ
60,36,48,92,72,10,8,4,1,1,3,16,0,อาหาร
64,64,64,76,72,3,6,4,1,10,10,19,0,อาหาร
84,52,80,76,44,5,10,8,10,10,1,17,1,บัญชี
92,88,80,40,40,4,8,8,10,3,1,19,0,บัญชี
96,36,100,96,100,3,10,9,10,7,3,18,1,อาหาร
84,60,52,40,60,5,4,3,7,7,7,19,0,บัญชี
52,64,68,84,48,8,9,6,10,1,7,16,0,อาหาร
80,80,68,48,44,5,5,8,7,3,3,16,0,บัญชี
60,72,60,96,76,7,10,4,10,3,1,16,0,อาหาร
48,76,44,80,72,9,4,8,3,3,1,17,0,สารสนเทศ
88,84,100,84,76,8,7,4,7,3,10,19,0,อาหาร
36,92,88,48,40,6,8,4,7,10,10,19,1,สารสนเทศ
92,52,64,64,92,6,6,6,3,3,7,17,0,อาหาร
64,68,72,72,60,6,6,8,10,7,7,19,0,อาหาร
76,88,48,84,52,4,10,4,10,1,7,17,1,สารสนเทศ
76,100,68,40,64,7,6,4,3,7,1,19,1,สารสนเทศ
92,92,80,96,60,6,7,4,3,3,3,18,0,สารสนเทศ
76,56,68,92,92,9,3,5,3,7,7,18,0,อาหาร
72,44,100,52,96,8,9,5,10,10,7,17,0,อาหาร
36,64,72,88,52,7,8,6,7,10,1,18,1,อาหาร
